category,variable_id,first_date,last_date,native_frequencies,geographic_resolution,unique_time_periods,total_observations,sources
chronic_health,arthritis_prevalence,2022-01-01,2022-01-01,annual,county,1,75,cdc_places_2024
chronic_health,asthma_prevalence,2022-01-01,2022-01-01,annual,county,1,75,cdc_places_2024
chronic_health,copd_prevalence,2022-01-01,2022-01-01,annual,county,1,75,cdc_places_2024
chronic_health,coronary_heart_disease_prevalence,2022-01-01,2022-01-01,annual,county,1,75,cdc_places_2024
chronic_health,depression_prevalence,2022-01-01,2022-01-01,annual,county,1,75,cdc_places_2024
chronic_health,diabetes_prevalence,2022-01-01,2022-01-01,annual,county,1,75,cdc_places_2024
chronic_health,hyperlipidemia_prevalence,2022-01-01,2022-01-01,annual,county,1,75,cdc_places_2024
chronic_health,hypertension_prevalence,2022-01-01,2022-01-01,annual,county,1,75,cdc_places_2024
chronic_health,obesity_prevalence,2022-01-01,2022-01-01,annual,county,1,75,cdc_places_2024
chronic_health,stroke_prevalence,2022-01-01,2022-01-01,annual,county,1,75,cdc_places_2024
chronic_health,tobacco_use_prevalence,2022-01-01,2022-01-01,annual,county,1,75,cdc_places_2024
demand_price,ge65_tot_30day_fills,2013-01-01,2022-01-01,year,national ; state,10,47215,cms_partd
demand_price,ge65_tot_benes,2013-01-01,2022-01-01,year,national ; state,10,39292,cms_partd
demand_price,ge65_tot_clms,2013-01-01,2022-01-01,year,national ; state,10,47215,cms_partd
demand_price,ge65_tot_drug_cst,2013-01-01,2022-01-01,year,national ; state,10,47215,cms_partd
demand_price,lis_bene_cst_shr,2013-01-01,2022-01-01,year,national ; state,10,53952,cms_partd
demand_price,medicaid_amount_reimbursed,2012-01-01,2022-10-01,quarter,state,44,61,medicaid_sdud
demand_price,nadac_ndc_price_row_count,2013-02-01,2023-01-01,weekly,national,48,372,nadac
demand_price,nadac_per_unit_max,2013-02-01,2023-01-01,weekly,national,48,372,nadac
demand_price,nadac_per_unit_mean,2013-02-01,2023-01-01,weekly,national,48,372,nadac
demand_price,nadac_per_unit_min,2013-02-01,2023-01-01,weekly,national,48,372,nadac
demand_price,non_medicaid_amount_reimbursed,2012-01-01,2022-10-01,quarter,state,44,61,medicaid_sdud
demand_price,non_suppressed_rows,2012-01-01,2022-10-01,quarter,state,44,61,medicaid_sdud
demand_price,nonlis_bene_cst_shr,2013-01-01,2022-01-01,year,national ; state,10,53952,cms_partd
demand_price,number_of_prescriptions,2012-01-01,2022-10-01,quarter,state,44,61,medicaid_sdud
demand_price,recall_active,2012-02-03,2026-07-23,daily_or_weekly,national,2575,17825,openfda_enforcement ; openfda_enforcement_recent
demand_price,shortage_active,2012-01-01,2026-08-10,daily_or_weekly,national,200,1651,openfda_shortages ; openfda_shortages_recent
demand_price,source_rows,2012-01-01,2022-10-01,quarter,state,44,61,medicaid_sdud
demand_price,suppressed_rows,2012-01-01,2022-10-01,quarter,state,44,61,medicaid_sdud
demand_price,tot_30day_fills,2013-01-01,2022-01-01,year,national ; state,10,53952,cms_partd
demand_price,tot_benes,2013-01-01,2022-01-01,year,national ; state,10,48310,cms_partd
demand_price,tot_clms,2013-01-01,2022-01-01,year,national ; state,10,53952,cms_partd
demand_price,tot_drug_cst,2013-01-01,2022-01-01,year,national ; state,10,53952,cms_partd
demand_price,tot_prscrbrs,2013-01-01,2022-01-01,year,national ; state,10,53952,cms_partd
demand_price,total_amount_reimbursed,2012-01-01,2022-10-01,quarter,state,44,61,medicaid_sdud
demand_price,units_reimbursed,2012-01-01,2022-10-01,quarter,state,44,61,medicaid_sdud
derived,PM2_5_mean_change_1,2001-01-01,2025-01-01,annual,monitor,25,329,epa_airdata_annual_conc_by_monitor
derived,PM2_5_mean_change_12,2012-01-01,2025-01-01,annual,monitor,14,117,epa_airdata_annual_conc_by_monitor
derived,PM2_5_mean_change_4,2004-01-01,2025-01-01,annual,monitor,22,248,epa_airdata_annual_conc_by_monitor
derived,PM2_5_mean_lag_1,2001-01-01,2025-01-01,annual,monitor,25,329,epa_airdata_annual_conc_by_monitor
derived,PM2_5_mean_lag_12,2012-01-01,2025-01-01,annual,monitor,14,117,epa_airdata_annual_conc_by_monitor
derived,PM2_5_mean_lag_4,2004-01-01,2025-01-01,annual,monitor,22,248,epa_airdata_annual_conc_by_monitor
derived,PM2_5_mean_rolling_mean_12,2012-01-01,2025-01-01,annual,monitor,14,117,epa_airdata_annual_conc_by_monitor
derived,PM2_5_mean_rolling_mean_4,2004-01-01,2025-01-01,annual,monitor,22,248,epa_airdata_annual_conc_by_monitor
derived,PM2_5_mean_rolling_std_12,2012-01-01,2025-01-01,annual,monitor,14,117,epa_airdata_annual_conc_by_monitor
derived,PM2_5_mean_rolling_std_4,2004-01-01,2025-01-01,annual,monitor,22,248,epa_airdata_annual_conc_by_monitor
derived,PM2_5_mean_seasonal_anomaly,2001-01-01,2025-01-01,annual,monitor,25,329,epa_airdata_annual_conc_by_monitor
derived,PM2_5_mean_seasonal_baseline,2001-01-01,2025-01-01,annual,monitor,25,329,epa_airdata_annual_conc_by_monitor
derived,arkansas_employed_population_change_1,2000-02-01,2009-12-01,monthly,state,119,119,bls_public_api
derived,arkansas_employed_population_change_12,2001-01-01,2009-12-01,monthly,state,108,108,bls_public_api
derived,arkansas_employed_population_change_4,2000-05-01,2009-12-01,monthly,state,116,116,bls_public_api
derived,arkansas_employed_population_lag_1,2000-02-01,2009-12-01,monthly,state,119,119,bls_public_api
derived,arkansas_employed_population_lag_12,2001-01-01,2009-12-01,monthly,state,108,108,bls_public_api
derived,arkansas_employed_population_lag_4,2000-05-01,2009-12-01,monthly,state,116,116,bls_public_api
derived,arkansas_employed_population_rolling_mean_12,2001-01-01,2009-12-01,monthly,state,108,108,bls_public_api
derived,arkansas_employed_population_rolling_mean_4,2000-05-01,2009-12-01,monthly,state,116,116,bls_public_api
derived,arkansas_employed_population_rolling_std_12,2001-01-01,2009-12-01,monthly,state,108,108,bls_public_api
derived,arkansas_employed_population_rolling_std_4,2000-05-01,2009-12-01,monthly,state,116,116,bls_public_api
derived,arkansas_employed_population_seasonal_anomaly,2001-01-01,2009-12-01,monthly,state,108,108,bls_public_api
derived,arkansas_employed_population_seasonal_baseline,2001-01-01,2009-12-01,monthly,state,108,108,bls_public_api
derived,arkansas_labor_force_change_1,2000-02-01,2009-12-01,monthly,state,119,119,bls_public_api
derived,arkansas_labor_force_change_12,2001-01-01,2009-12-01,monthly,state,108,108,bls_public_api
derived,arkansas_labor_force_change_4,2000-05-01,2009-12-01,monthly,state,116,116,bls_public_api
derived,arkansas_labor_force_lag_1,2000-02-01,2009-12-01,monthly,state,119,119,bls_public_api
derived,arkansas_labor_force_lag_12,2001-01-01,2009-12-01,monthly,state,108,108,bls_public_api
derived,arkansas_labor_force_lag_4,2000-05-01,2009-12-01,monthly,state,116,116,bls_public_api
derived,arkansas_labor_force_rolling_mean_12,2001-01-01,2009-12-01,monthly,state,108,108,bls_public_api
derived,arkansas_labor_force_rolling_mean_4,2000-05-01,2009-12-01,monthly,state,116,116,bls_public_api
derived,arkansas_labor_force_rolling_std_12,2001-01-01,2009-12-01,monthly,state,108,108,bls_public_api
derived,arkansas_labor_force_rolling_std_4,2000-05-01,2009-12-01,monthly,state,116,116,bls_public_api
derived,arkansas_labor_force_seasonal_anomaly,2001-01-01,2009-12-01,monthly,state,108,108,bls_public_api
derived,arkansas_labor_force_seasonal_baseline,2001-01-01,2009-12-01,monthly,state,108,108,bls_public_api
derived,arkansas_unemployed_population_change_1,2000-02-01,2009-12-01,monthly,state,119,119,bls_public_api
derived,arkansas_unemployed_population_change_12,2001-01-01,2009-12-01,monthly,state,108,108,bls_public_api
derived,arkansas_unemployed_population_change_4,2000-05-01,2009-12-01,monthly,state,116,116,bls_public_api
derived,arkansas_unemployed_population_lag_1,2000-02-01,2009-12-01,monthly,state,119,119,bls_public_api
derived,arkansas_unemployed_population_lag_12,2001-01-01,2009-12-01,monthly,state,108,108,bls_public_api
derived,arkansas_unemployed_population_lag_4,2000-05-01,2009-12-01,monthly,state,116,116,bls_public_api
derived,arkansas_unemployed_population_rolling_mean_12,2001-01-01,2009-12-01,monthly,state,108,108,bls_public_api
derived,arkansas_unemployed_population_rolling_mean_4,2000-05-01,2009-12-01,monthly,state,116,116,bls_public_api
derived,arkansas_unemployed_population_rolling_std_12,2001-01-01,2009-12-01,monthly,state,108,108,bls_public_api
derived,arkansas_unemployed_population_rolling_std_4,2000-05-01,2009-12-01,monthly,state,116,116,bls_public_api
derived,arkansas_unemployed_population_seasonal_anomaly,2001-01-01,2009-12-01,monthly,state,108,108,bls_public_api
derived,arkansas_unemployed_population_seasonal_baseline,2001-01-01,2009-12-01,monthly,state,108,108,bls_public_api
derived,arkansas_unemployment_rate_change_1,2000-02-01,2026-06-01,monthly,state,316,316,bls_public_api
derived,arkansas_unemployment_rate_change_12,2001-01-01,2026-06-01,monthly,state,305,305,bls_public_api
derived,arkansas_unemployment_rate_change_4,2000-05-01,2026-06-01,monthly,state,313,313,bls_public_api
derived,arkansas_unemployment_rate_lag_1,2000-02-01,2026-06-01,monthly,state,316,316,bls_public_api
derived,arkansas_unemployment_rate_lag_12,2001-01-01,2026-06-01,monthly,state,305,305,bls_public_api
derived,arkansas_unemployment_rate_lag_4,2000-05-01,2026-06-01,monthly,state,313,313,bls_public_api
derived,arkansas_unemployment_rate_rolling_mean_12,2001-01-01,2026-06-01,monthly,state,305,305,bls_public_api
derived,arkansas_unemployment_rate_rolling_mean_4,2000-05-01,2026-06-01,monthly,state,313,313,bls_public_api
derived,arkansas_unemployment_rate_rolling_std_12,2001-01-01,2026-06-01,monthly,state,305,305,bls_public_api
derived,arkansas_unemployment_rate_rolling_std_4,2000-05-01,2026-06-01,monthly,state,313,313,bls_public_api
derived,arkansas_unemployment_rate_seasonal_anomaly,2001-01-01,2026-06-01,monthly,state,305,305,bls_public_api
derived,arkansas_unemployment_rate_seasonal_baseline,2001-01-01,2026-06-01,monthly,state,305,305,bls_public_api
derived,consumer_price_index_all_items_change_1,2000-02-01,2026-06-01,monthly,national,316,316,bls_public_api
derived,consumer_price_index_all_items_change_12,2001-01-01,2026-06-01,monthly,national,305,305,bls_public_api
derived,consumer_price_index_all_items_change_4,2000-05-01,2026-06-01,monthly,national,313,313,bls_public_api
derived,consumer_price_index_all_items_lag_1,2000-02-01,2026-06-01,monthly,national,316,316,bls_public_api
derived,consumer_price_index_all_items_lag_12,2001-01-01,2026-06-01,monthly,national,305,305,bls_public_api
derived,consumer_price_index_all_items_lag_4,2000-05-01,2026-06-01,monthly,national,313,313,bls_public_api
derived,consumer_price_index_all_items_rolling_mean_12,2001-01-01,2026-06-01,monthly,national,305,305,bls_public_api
derived,consumer_price_index_all_items_rolling_mean_4,2000-05-01,2026-06-01,monthly,national,313,313,bls_public_api
derived,consumer_price_index_all_items_rolling_std_12,2001-01-01,2026-06-01,monthly,national,305,305,bls_public_api
derived,consumer_price_index_all_items_rolling_std_4,2000-05-01,2026-06-01,monthly,national,313,313,bls_public_api
derived,consumer_price_index_all_items_seasonal_anomaly,2001-01-01,2026-06-01,monthly,national,305,305,bls_public_api
derived,consumer_price_index_all_items_seasonal_baseline,2001-01-01,2026-06-01,monthly,national,305,305,bls_public_api
derived,consumer_price_index_medical_care_change_1,2000-02-01,2009-12-01,monthly,national,119,119,bls_public_api
derived,consumer_price_index_medical_care_change_12,2001-01-01,2009-12-01,monthly,national,108,108,bls_public_api
derived,consumer_price_index_medical_care_change_4,2000-05-01,2009-12-01,monthly,national,116,116,bls_public_api
derived,consumer_price_index_medical_care_lag_1,2000-02-01,2009-12-01,monthly,national,119,119,bls_public_api
derived,consumer_price_index_medical_care_lag_12,2001-01-01,2009-12-01,monthly,national,108,108,bls_public_api
derived,consumer_price_index_medical_care_lag_4,2000-05-01,2009-12-01,monthly,national,116,116,bls_public_api
derived,consumer_price_index_medical_care_rolling_mean_12,2001-01-01,2009-12-01,monthly,national,108,108,bls_public_api
derived,consumer_price_index_medical_care_rolling_mean_4,2000-05-01,2009-12-01,monthly,national,116,116,bls_public_api
derived,consumer_price_index_medical_care_rolling_std_12,2001-01-01,2009-12-01,monthly,national,108,108,bls_public_api
derived,consumer_price_index_medical_care_rolling_std_4,2000-05-01,2009-12-01,monthly,national,116,116,bls_public_api
derived,consumer_price_index_medical_care_seasonal_anomaly,2001-01-01,2009-12-01,monthly,national,108,108,bls_public_api
derived,consumer_price_index_medical_care_seasonal_baseline,2001-01-01,2009-12-01,monthly,national,108,108,bls_public_api
derived,covid_cases_per_100k_7_day_change_1,2020-01-23,2022-10-18,daily,county,999,57497,cdc_covid_county_transmission
derived,covid_cases_per_100k_7_day_change_12,2020-02-03,2022-10-18,daily,county,988,56672,cdc_covid_county_transmission
derived,covid_cases_per_100k_7_day_change_4,2020-01-26,2022-10-18,daily,county,996,57272,cdc_covid_county_transmission
derived,covid_cases_per_100k_7_day_lag_1,2020-01-23,2022-10-18,daily,county,999,57497,cdc_covid_county_transmission
derived,covid_cases_per_100k_7_day_lag_12,2020-02-03,2022-10-18,daily,county,988,56672,cdc_covid_county_transmission
derived,covid_cases_per_100k_7_day_lag_4,2020-01-26,2022-10-18,daily,county,996,57272,cdc_covid_county_transmission
derived,covid_cases_per_100k_7_day_rolling_mean_12,2020-02-03,2022-10-18,daily,county,988,56672,cdc_covid_county_transmission
derived,covid_cases_per_100k_7_day_rolling_mean_4,2020-01-26,2022-10-18,daily,county,996,57272,cdc_covid_county_transmission
derived,covid_cases_per_100k_7_day_rolling_std_12,2020-02-03,2022-10-18,daily,county,988,56672,cdc_covid_county_transmission
derived,covid_cases_per_100k_7_day_rolling_std_4,2020-01-26,2022-10-18,daily,county,996,57272,cdc_covid_county_transmission
derived,covid_cases_per_100k_7_day_seasonal_anomaly,2021-01-22,2022-10-18,daily,county,634,31535,cdc_covid_county_transmission
derived,covid_cases_per_100k_7_day_seasonal_baseline,2021-01-22,2022-10-18,daily,county,634,31535,cdc_covid_county_transmission
derived,covid_community_transmission_level_change_1,2020-01-30,2022-10-18,daily,county,992,74400,cdc_covid_county_transmission
derived,covid_community_transmission_level_change_12,2020-02-10,2022-10-18,daily,county,981,73575,cdc_covid_county_transmission
derived,covid_community_transmission_level_change_4,2020-02-02,2022-10-18,daily,county,989,74175,cdc_covid_county_transmission
derived,covid_community_transmission_level_lag_1,2020-01-30,2022-10-18,daily,county,992,74400,cdc_covid_county_transmission
derived,covid_community_transmission_level_lag_12,2020-02-10,2022-10-18,daily,county,981,73575,cdc_covid_county_transmission
derived,covid_community_transmission_level_lag_4,2020-02-02,2022-10-18,daily,county,989,74175,cdc_covid_county_transmission
derived,covid_community_transmission_level_rolling_mean_12,2020-02-10,2022-10-18,daily,county,981,73575,cdc_covid_county_transmission
derived,covid_community_transmission_level_rolling_mean_4,2020-02-02,2022-10-18,daily,county,989,74175,cdc_covid_county_transmission
derived,covid_community_transmission_level_rolling_std_12,2020-02-10,2022-10-18,daily,county,981,73575,cdc_covid_county_transmission
derived,covid_community_transmission_level_rolling_std_4,2020-02-02,2022-10-18,daily,county,989,74175,cdc_covid_county_transmission
derived,covid_community_transmission_level_seasonal_anomaly,2021-01-29,2022-10-18,daily,county,627,47025,cdc_covid_county_transmission
derived,covid_community_transmission_level_seasonal_baseline,2021-01-29,2022-10-18,daily,county,627,47025,cdc_covid_county_transmission
derived,covid_percent_test_results_reported_change_1,2020-03-05,2022-10-18,daily,county,957,63914,cdc_covid_county_transmission
derived,covid_percent_test_results_reported_change_12,2020-03-17,2022-10-18,daily,county,945,63089,cdc_covid_county_transmission
derived,covid_percent_test_results_reported_change_4,2020-03-08,2022-10-18,daily,county,954,63689,cdc_covid_county_transmission
derived,covid_percent_test_results_reported_lag_1,2020-03-05,2022-10-18,daily,county,957,63914,cdc_covid_county_transmission
derived,covid_percent_test_results_reported_lag_12,2020-03-17,2022-10-18,daily,county,945,63089,cdc_covid_county_transmission
derived,covid_percent_test_results_reported_lag_4,2020-03-08,2022-10-18,daily,county,954,63689,cdc_covid_county_transmission
derived,covid_percent_test_results_reported_rolling_mean_12,2020-03-17,2022-10-18,daily,county,945,63089,cdc_covid_county_transmission
derived,covid_percent_test_results_reported_rolling_mean_4,2020-03-08,2022-10-18,daily,county,954,63689,cdc_covid_county_transmission
derived,covid_percent_test_results_reported_rolling_std_12,2020-03-17,2022-10-18,daily,county,945,63089,cdc_covid_county_transmission
derived,covid_percent_test_results_reported_rolling_std_4,2020-03-08,2022-10-18,daily,county,954,63689,cdc_covid_county_transmission
derived,covid_percent_test_results_reported_seasonal_anomaly,2021-03-05,2022-10-18,daily,county,592,36555,cdc_covid_county_transmission
derived,covid_percent_test_results_reported_seasonal_baseline,2021-03-05,2022-10-18,daily,county,592,36555,cdc_covid_county_transmission
derived,ili_change_1,2012-01-09,2022-12-26,weekly_or_annual,national ; state,573,1146,delphi_fluview
derived,ili_change_12,2012-03-26,2022-12-26,weekly_or_annual,national ; state,562,1124,delphi_fluview
derived,ili_change_4,2012-01-30,2022-12-26,weekly_or_annual,national ; state,570,1140,delphi_fluview
derived,ili_lag_1,2012-01-09,2022-12-26,weekly_or_annual,national ; state,573,1146,delphi_fluview
derived,ili_lag_12,2012-03-26,2022-12-26,weekly_or_annual,national ; state,562,1124,delphi_fluview
derived,ili_lag_4,2012-01-30,2022-12-26,weekly_or_annual,national ; state,570,1140,delphi_fluview
derived,ili_rolling_mean_12,2012-03-26,2022-12-26,weekly_or_annual,national ; state,562,1124,delphi_fluview
derived,ili_rolling_mean_4,2012-01-30,2022-12-26,weekly_or_annual,national ; state,570,1140,delphi_fluview
derived,ili_rolling_std_12,2012-03-26,2022-12-26,weekly_or_annual,national ; state,562,1124,delphi_fluview
derived,ili_rolling_std_4,2012-01-30,2022-12-26,weekly_or_annual,national ; state,570,1140,delphi_fluview
derived,ili_seasonal_anomaly,2012-12-31,2022-12-26,weekly_or_annual,national ; state,521,1042,delphi_fluview
derived,ili_seasonal_baseline,2012-12-31,2022-12-26,weekly_or_annual,national ; state,521,1042,delphi_fluview
derived,national_unemployment_rate_change_1,2000-02-01,2026-07-01,monthly,national,317,317,bls_public_api
derived,national_unemployment_rate_change_12,2001-01-01,2026-07-01,monthly,national,306,306,bls_public_api
derived,national_unemployment_rate_change_4,2000-05-01,2026-07-01,monthly,national,314,314,bls_public_api
derived,national_unemployment_rate_lag_1,2000-02-01,2026-07-01,monthly,national,317,317,bls_public_api
derived,national_unemployment_rate_lag_12,2001-01-01,2026-07-01,monthly,national,306,306,bls_public_api
derived,national_unemployment_rate_lag_4,2000-05-01,2026-07-01,monthly,national,314,314,bls_public_api
derived,national_unemployment_rate_rolling_mean_12,2001-01-01,2026-07-01,monthly,national,306,306,bls_public_api
derived,national_unemployment_rate_rolling_mean_4,2000-05-01,2026-07-01,monthly,national,314,314,bls_public_api
derived,national_unemployment_rate_rolling_std_12,2001-01-01,2026-07-01,monthly,national,306,306,bls_public_api
derived,national_unemployment_rate_rolling_std_4,2000-05-01,2026-07-01,monthly,national,314,314,bls_public_api
derived,national_unemployment_rate_seasonal_anomaly,2001-01-01,2026-07-01,monthly,national,306,306,bls_public_api
derived,national_unemployment_rate_seasonal_baseline,2001-01-01,2026-07-01,monthly,national,306,306,bls_public_api
derived,num_ili_change_1,2012-01-09,2022-12-26,weekly_or_annual,national ; state,573,1146,delphi_fluview
derived,num_ili_change_12,2012-03-26,2022-12-26,weekly_or_annual,national ; state,562,1124,delphi_fluview
derived,num_ili_change_4,2012-01-30,2022-12-26,weekly_or_annual,national ; state,570,1140,delphi_fluview
derived,num_ili_lag_1,2012-01-09,2022-12-26,weekly_or_annual,national ; state,573,1146,delphi_fluview
derived,num_ili_lag_12,2012-03-26,2022-12-26,weekly_or_annual,national ; state,562,1124,delphi_fluview
derived,num_ili_lag_4,2012-01-30,2022-12-26,weekly_or_annual,national ; state,570,1140,delphi_fluview
derived,num_ili_rolling_mean_12,2012-03-26,2022-12-26,weekly_or_annual,national ; state,562,1124,delphi_fluview
derived,num_ili_rolling_mean_4,2012-01-30,2022-12-26,weekly_or_annual,national ; state,570,1140,delphi_fluview
derived,num_ili_rolling_std_12,2012-03-26,2022-12-26,weekly_or_annual,national ; state,562,1124,delphi_fluview
derived,num_ili_rolling_std_4,2012-01-30,2022-12-26,weekly_or_annual,national ; state,570,1140,delphi_fluview
derived,num_ili_seasonal_anomaly,2012-12-31,2022-12-26,weekly_or_annual,national ; state,521,1042,delphi_fluview
derived,num_ili_seasonal_baseline,2012-12-31,2022-12-26,weekly_or_annual,national ; state,521,1042,delphi_fluview
derived,ozone_mean_change_1,2001-01-01,2025-01-01,annual,monitor,25,195,epa_airdata_annual_conc_by_monitor
derived,ozone_mean_change_12,2012-01-01,2025-01-01,annual,monitor,14,90,epa_airdata_annual_conc_by_monitor
derived,ozone_mean_change_4,2004-01-01,2025-01-01,annual,monitor,22,161,epa_airdata_annual_conc_by_monitor
derived,ozone_mean_lag_1,2001-01-01,2025-01-01,annual,monitor,25,195,epa_airdata_annual_conc_by_monitor
derived,ozone_mean_lag_12,2012-01-01,2025-01-01,annual,monitor,14,90,epa_airdata_annual_conc_by_monitor
derived,ozone_mean_lag_4,2004-01-01,2025-01-01,annual,monitor,22,161,epa_airdata_annual_conc_by_monitor
derived,ozone_mean_rolling_mean_12,2012-01-01,2025-01-01,annual,monitor,14,90,epa_airdata_annual_conc_by_monitor
derived,ozone_mean_rolling_mean_4,2004-01-01,2025-01-01,annual,monitor,22,161,epa_airdata_annual_conc_by_monitor
derived,ozone_mean_rolling_std_12,2012-01-01,2025-01-01,annual,monitor,14,90,epa_airdata_annual_conc_by_monitor
derived,ozone_mean_rolling_std_4,2004-01-01,2025-01-01,annual,monitor,22,161,epa_airdata_annual_conc_by_monitor
derived,ozone_mean_seasonal_anomaly,2001-01-01,2025-01-01,annual,monitor,25,195,epa_airdata_annual_conc_by_monitor
derived,ozone_mean_seasonal_baseline,2001-01-01,2025-01-01,annual,monitor,25,195,epa_airdata_annual_conc_by_monitor
derived,pharma_producer_price_index_change_1,2012-02-01,2022-12-01,month,national,131,131,fred_ppi
derived,pharma_producer_price_index_change_12,2013-01-01,2022-12-01,month,national,120,120,fred_ppi
derived,pharma_producer_price_index_change_4,2012-05-01,2022-12-01,month,national,128,128,fred_ppi
derived,pharma_producer_price_index_lag_1,2012-02-01,2022-12-01,month,national,131,131,fred_ppi
derived,pharma_producer_price_index_lag_12,2013-01-01,2022-12-01,month,national,120,120,fred_ppi
derived,pharma_producer_price_index_lag_4,2012-05-01,2022-12-01,month,national,128,128,fred_ppi
derived,pharma_producer_price_index_rolling_mean_12,2013-01-01,2022-12-01,month,national,120,120,fred_ppi
derived,pharma_producer_price_index_rolling_mean_4,2012-05-01,2022-12-01,month,national,128,128,fred_ppi
derived,pharma_producer_price_index_rolling_std_12,2013-01-01,2022-12-01,month,national,120,120,fred_ppi
derived,pharma_producer_price_index_rolling_std_4,2012-05-01,2022-12-01,month,national,128,128,fred_ppi
derived,pharma_producer_price_index_seasonal_anomaly,2013-01-01,2022-12-01,month,national,120,120,fred_ppi
derived,pharma_producer_price_index_seasonal_baseline,2013-01-01,2022-12-01,month,national,120,120,fred_ppi
derived,precipitation_change_1,2000-01-02,2026-08-08,daily,station,9716,73160,noaa_ncei_daily_summaries
derived,precipitation_change_12,2000-01-13,2026-08-08,daily,station,9705,73072,noaa_ncei_daily_summaries
derived,precipitation_change_4,2000-01-05,2026-08-08,daily,station,9713,73136,noaa_ncei_daily_summaries
derived,precipitation_lag_1,2000-01-02,2026-08-08,daily,station,9716,73160,noaa_ncei_daily_summaries
derived,precipitation_lag_12,2000-01-13,2026-08-08,daily,station,9705,73072,noaa_ncei_daily_summaries
derived,precipitation_lag_4,2000-01-05,2026-08-08,daily,station,9713,73136,noaa_ncei_daily_summaries
derived,precipitation_rolling_mean_12,2000-01-13,2026-08-08,daily,station,9705,73072,noaa_ncei_daily_summaries
derived,precipitation_rolling_mean_4,2000-01-05,2026-08-08,daily,station,9713,73136,noaa_ncei_daily_summaries
derived,precipitation_rolling_std_12,2000-01-13,2026-08-08,daily,station,9705,73072,noaa_ncei_daily_summaries
derived,precipitation_rolling_std_4,2000-01-05,2026-08-08,daily,station,9713,73136,noaa_ncei_daily_summaries
derived,precipitation_seasonal_anomaly,2001-01-01,2026-08-08,daily,station,9351,70240,noaa_ncei_daily_summaries
derived,precipitation_seasonal_baseline,2001-01-01,2026-08-08,daily,station,9351,70240,noaa_ncei_daily_summaries
derived,temperature_mean_change_1,2000-01-02,2026-08-08,daily,station,9716,72326,noaa_ncei_daily_summaries
derived,temperature_mean_change_12,2000-01-13,2026-08-08,daily,station,9705,72238,noaa_ncei_daily_summaries
derived,temperature_mean_change_4,2000-01-05,2026-08-08,daily,station,9713,72302,noaa_ncei_daily_summaries
derived,temperature_mean_lag_1,2000-01-02,2026-08-08,daily,station,9716,72326,noaa_ncei_daily_summaries
derived,temperature_mean_lag_12,2000-01-13,2026-08-08,daily,station,9705,72238,noaa_ncei_daily_summaries
derived,temperature_mean_lag_4,2000-01-05,2026-08-08,daily,station,9713,72302,noaa_ncei_daily_summaries
derived,temperature_mean_rolling_mean_12,2000-01-13,2026-08-08,daily,station,9705,72238,noaa_ncei_daily_summaries
derived,temperature_mean_rolling_mean_4,2000-01-05,2026-08-08,daily,station,9713,72302,noaa_ncei_daily_summaries
derived,temperature_mean_rolling_std_12,2000-01-13,2026-08-08,daily,station,9705,72238,noaa_ncei_daily_summaries
derived,temperature_mean_rolling_std_4,2000-01-05,2026-08-08,daily,station,9713,72302,noaa_ncei_daily_summaries
derived,temperature_mean_seasonal_anomaly,2001-01-01,2026-08-08,daily,station,9351,69407,noaa_ncei_daily_summaries
derived,temperature_mean_seasonal_baseline,2001-01-01,2026-08-08,daily,station,9351,69407,noaa_ncei_daily_summaries
derived,wili_change_1,2012-01-09,2022-12-26,weekly_or_annual,national ; state,573,1146,delphi_fluview
derived,wili_change_12,2012-03-26,2022-12-26,weekly_or_annual,national ; state,562,1124,delphi_fluview
derived,wili_change_4,2012-01-30,2022-12-26,weekly_or_annual,national ; state,570,1140,delphi_fluview
derived,wili_lag_1,2012-01-09,2022-12-26,weekly_or_annual,national ; state,573,1146,delphi_fluview
derived,wili_lag_12,2012-03-26,2022-12-26,weekly_or_annual,national ; state,562,1124,delphi_fluview
derived,wili_lag_4,2012-01-30,2022-12-26,weekly_or_annual,national ; state,570,1140,delphi_fluview
derived,wili_rolling_mean_12,2012-03-26,2022-12-26,weekly_or_annual,national ; state,562,1124,delphi_fluview
derived,wili_rolling_mean_4,2012-01-30,2022-12-26,weekly_or_annual,national ; state,570,1140,delphi_fluview
derived,wili_rolling_std_12,2012-03-26,2022-12-26,weekly_or_annual,national ; state,562,1124,delphi_fluview
derived,wili_rolling_std_4,2012-01-30,2022-12-26,weekly_or_annual,national ; state,570,1140,delphi_fluview
derived,wili_seasonal_anomaly,2012-12-31,2022-12-26,weekly_or_annual,national ; state,521,1042,delphi_fluview
derived,wili_seasonal_baseline,2012-12-31,2022-12-26,weekly_or_annual,national ; state,521,1042,delphi_fluview
derived,wind_change_1,2000-01-02,2026-08-08,daily,station,9716,50527,noaa_ncei_daily_summaries
derived,wind_change_12,2000-01-13,2026-08-08,daily,station,9705,50461,noaa_ncei_daily_summaries
derived,wind_change_4,2000-01-05,2026-08-08,daily,station,9713,50509,noaa_ncei_daily_summaries
derived,wind_lag_1,2000-01-02,2026-08-08,daily,station,9716,50527,noaa_ncei_daily_summaries
derived,wind_lag_12,2000-01-13,2026-08-08,daily,station,9705,50461,noaa_ncei_daily_summaries
derived,wind_lag_4,2000-01-05,2026-08-08,daily,station,9713,50509,noaa_ncei_daily_summaries
derived,wind_rolling_mean_12,2000-01-13,2026-08-08,daily,station,9705,50461,noaa_ncei_daily_summaries
derived,wind_rolling_mean_4,2000-01-05,2026-08-08,daily,station,9713,50509,noaa_ncei_daily_summaries
derived,wind_rolling_std_12,2000-01-13,2026-08-08,daily,station,9705,50461,noaa_ncei_daily_summaries
derived,wind_rolling_std_4,2000-01-05,2026-08-08,daily,station,9713,50509,noaa_ncei_daily_summaries
derived,wind_seasonal_anomaly,2001-01-01,2026-08-08,daily,station,9351,48337,noaa_ncei_daily_summaries
derived,wind_seasonal_baseline,2001-01-01,2026-08-08,daily,station,9351,48337,noaa_ncei_daily_summaries
disasters,disaster_active,2013-01-29,2026-01-24,event,county_or_area,26,674,fema_openfema
disasters,disaster_severity,2013-01-29,2026-01-24,event,county_or_area,26,674,fema_openfema
disease_global,AH1,2012-01-01,2015-01-01,weekly_or_annual,country,4,196,who_flunet
disease_global,AH1N12009,2012-01-01,2022-01-01,weekly_or_annual,country,11,574,who_flunet
disease_global,AH3,2012-01-01,2022-01-01,weekly_or_annual,country,11,574,who_flunet
disease_global,AH5,2012-01-01,2015-01-01,weekly_or_annual,country,4,196,who_flunet
disease_global,ANOTSUBTYPED,2012-01-01,2022-01-01,weekly_or_annual,country,11,952,who_flunet
disease_global,AOTHER_SUBTYPE,2012-01-01,2015-01-01,weekly_or_annual,country,4,196,who_flunet
disease_global,BCG immunization coverage among one-year-olds,2012-01-01,2022-01-01,weekly_or_annual,country,11,11,who_gho
disease_global,BNOTDETERMINED,2012-01-01,2022-01-01,weekly_or_annual,country,11,952,who_flunet
disease_global,BVIC_NODEL,2012-01-01,2022-01-01,weekly_or_annual,country,11,574,who_flunet
disease_global,BYAM,2012-01-01,2022-01-01,weekly_or_annual,country,11,574,who_flunet
disease_global,BirthsUNPD,2012-01-01,2022-01-01,weekly_or_annual,country,11,120,wuenic
disease_global,COMMENTS,2012-01-01,2022-01-01,weekly_or_annual,country,11,534,who_fluid
disease_global,DTP1 immunization coverage,2012-01-01,2022-01-01,weekly_or_annual,country,11,22,who_gho
disease_global,DTP3 immunization coverage among one-year-olds,2012-01-01,2022-01-01,weekly_or_annual,country,11,22,who_gho
disease_global,GEOSPREAD,2017-01-01,2022-01-01,weekly_or_annual,country,6,308,who_fluid
disease_global,GovernmentEstimate,2012-01-01,2022-01-01,weekly_or_annual,country,11,110,wuenic
disease_global,HPV immunization coverage,2012-01-01,2022-01-01,weekly_or_annual,country,11,22,who_gho
disease_global,HepB3 immunization coverage among one-year-olds,2012-01-01,2022-01-01,weekly_or_annual,country,11,22,who_gho
disease_global,Hib3 immunization coverage among one-year-olds,2012-01-01,2022-01-01,weekly_or_annual,country,11,22,who_gho
disease_global,ILI_ACTIVITY,2012-01-01,2015-01-01,weekly_or_annual,country,4,196,who_flunet
disease_global,ILI_CASE,2012-01-01,2022-01-01,weekly_or_annual,country,11,3969,who_fluid
disease_global,ILI_NB_SITES,2012-01-01,2022-01-01,weekly_or_annual,country,11,569,who_fluid
disease_global,ILI_OUTPATIENTS,2012-01-01,2022-01-01,weekly_or_annual,country,11,3969,who_fluid
disease_global,IMPACT,2017-01-01,2022-01-01,weekly_or_annual,country,6,308,who_fluid
disease_global,INF_A,2012-01-01,2022-01-01,weekly_or_annual,country,11,952,who_flunet
disease_global,INF_ALL,2012-01-01,2022-01-01,weekly_or_annual,country,11,943,who_flunet
disease_global,INF_B,2012-01-01,2022-01-01,weekly_or_annual,country,11,952,who_flunet
disease_global,INF_NEGATIVE,2015-01-01,2022-01-01,weekly_or_annual,country,8,756,who_flunet
disease_global,INTENSITY,2017-01-01,2022-01-01,weekly_or_annual,country,6,308,who_fluid
disease_global,IPV coverage by locally recommended age,2021-01-01,2022-01-01,weekly_or_annual,country,2,4,who_gho
disease_global,IPV1 immunization coverage,2015-01-01,2022-01-01,weekly_or_annual,country,8,16,who_gho
disease_global,ISOYW,2012-01-01,2022-01-01,weekly_or_annual,country,11,952,who_flunet
disease_global,Life expectancy,2012-01-01,2022-01-01,weekly_or_annual,aggregate ; country,11,22,owid
disease_global,Life expectancy at birth,2012-01-01,2021-01-01,weekly_or_annual,country,10,60,who_gho
disease_global,MCV1 immunization coverage among one-year-olds,2012-01-01,2022-01-01,weekly_or_annual,country,11,22,who_gho
disease_global,MCV2 immunization coverage by locally recommended age,2012-01-01,2022-01-01,weekly_or_annual,country,11,22,who_gho
disease_global,MMWRYW,2012-01-01,2022-01-01,weekly_or_annual,country,11,952,who_flunet
disease_global,Meningococcal A coverage,2016-01-01,2022-01-01,weekly_or_annual,country,7,7,who_gho
disease_global,PCV coverage by locally recommended age,2012-01-01,2022-01-01,weekly_or_annual,country,11,22,who_gho
disease_global,PSOURCE_PPOS_INF,2015-01-01,2022-01-01,weekly_or_annual,country,8,378,who_flunet
disease_global,PSOURCE_RSV,2015-01-01,2022-01-01,weekly_or_annual,country,8,378,who_flunet
disease_global,PSOURCE_SUBTYPE_INF,2015-01-01,2022-01-01,weekly_or_annual,country,8,378,who_flunet
disease_global,Rotavirus completed-dose coverage,2012-01-01,2022-01-01,weekly_or_annual,country,11,22,who_gho
disease_global,SPEC_PROCESSED_NB,2012-01-01,2022-01-01,weekly_or_annual,country,11,952,who_flunet
disease_global,SPEC_RECEIVED_NB,2012-01-01,2022-01-01,weekly_or_annual,country,11,952,who_flunet
disease_global,SurvivingInfantsUNPD,2012-01-01,2022-01-01,weekly_or_annual,country,11,120,wuenic
disease_global,TREND,2017-01-01,2022-01-01,weekly_or_annual,country,6,308,who_fluid
disease_global,Under-five mortality rate (selected),2012-01-01,2022-01-01,weekly_or_annual,aggregate ; country,11,22,owid
disease_global,WUENIC,2012-01-01,2022-01-01,weekly_or_annual,country,11,120,wuenic
disease_global,WUENICPreviousRevision,2012-01-01,2022-01-01,weekly_or_annual,country,11,118,wuenic
disease_global,Yellow fever coverage,2012-01-01,2022-01-01,weekly_or_annual,country,11,11,who_gho
disease_global,outbreak_event,2012-01-01,2022-01-01,weekly_or_annual,global_event,10,2075,who_don
disease_us,covid_cases_per_100k_7_day,2020-01-22,2022-10-18,daily,county,1000,57572,cdc_covid_county_transmission
disease_us,covid_community_transmission_level,2020-01-29,2022-10-18,daily,county,993,74475,cdc_covid_county_transmission
disease_us,covid_percent_test_results_reported,2020-03-04,2022-10-18,daily,county,958,63989,cdc_covid_county_transmission
disease_us,cumulative_ytd_current_year,2022-01-03,2022-12-26,weekly_or_annual,national,52,4033,nndss_weekly
disease_us,cumulative_ytd_previous_year,2022-01-03,2022-12-26,weekly_or_annual,national,52,4313,nndss_weekly
disease_us,current_week_cases,2022-01-03,2022-12-26,weekly_or_annual,national,52,2322,nndss_weekly
disease_us,ili,2012-01-02,2022-12-26,weekly_or_annual,national ; state,574,1148,delphi_fluview
disease_us,num_age_0,2012-01-02,2022-12-26,weekly_or_annual,national,574,574,delphi_fluview
disease_us,num_age_1,2012-01-02,2022-12-26,weekly_or_annual,national,574,574,delphi_fluview
disease_us,num_age_3,2012-01-02,2022-12-26,weekly_or_annual,national,574,574,delphi_fluview
disease_us,num_age_4,2012-01-02,2022-12-26,weekly_or_annual,national,574,574,delphi_fluview
disease_us,num_age_5,2012-01-02,2022-12-26,weekly_or_annual,national,574,574,delphi_fluview
disease_us,num_ili,2012-01-02,2022-12-26,weekly_or_annual,national ; state,574,1148,delphi_fluview
disease_us,num_patients,2012-01-02,2022-12-26,weekly_or_annual,national ; state,574,1148,delphi_fluview
disease_us,num_providers,2012-01-02,2022-12-26,weekly_or_annual,national ; state,574,1148,delphi_fluview
disease_us,previous_52_week_max,2022-01-03,2022-12-26,weekly_or_annual,national,52,5157,nndss_weekly
disease_us,wili,2012-01-02,2022-12-26,weekly_or_annual,national ; state,574,1148,delphi_fluview
economics_us,arkansas_employed_population,2000-01-01,2009-12-01,monthly,state,120,120,bls_public_api
economics_us,arkansas_labor_force,2000-01-01,2009-12-01,monthly,state,120,120,bls_public_api
economics_us,arkansas_unemployed_population,2000-01-01,2009-12-01,monthly,state,120,120,bls_public_api
economics_us,arkansas_unemployment_rate,2000-01-01,2026-06-01,monthly,state,317,317,bls_public_api
economics_us,consumer_price_index_all_items,2000-01-01,2026-06-01,monthly,national,317,317,bls_public_api
economics_us,consumer_price_index_medical_care,2000-01-01,2009-12-01,monthly,national,120,120,bls_public_api
economics_us,contract_obligations,2011-10-01,2021-10-01,fiscal_year,national,11,11,usaspending
economics_us,national_unemployment_rate,2000-01-01,2026-07-01,monthly,national,318,318,bls_public_api
economics_us,pharma_producer_price_index,2012-01-01,2022-12-01,month,national,132,132,fred_ppi
environment,PM2_5_max,2000-01-01,2025-01-01,annual,monitor,26,366,epa_airdata_annual_conc_by_monitor
environment,PM2_5_mean,2000-01-01,2025-01-01,annual,monitor,26,366,epa_airdata_annual_conc_by_monitor
environment,PM2_5_observation_percent,2000-01-01,2025-01-01,annual,monitor,26,366,epa_airdata_annual_conc_by_monitor
environment,extreme_cold_day,2000-01-01,2026-08-08,daily,station,9717,72334,noaa_ncei_daily_summaries
environment,extreme_heat_day,2000-01-01,2026-08-08,daily,station,9717,72334,noaa_ncei_daily_summaries
environment,humidity,2006-01-01,2024-12-31,daily,station,6880,27470,noaa_ncei_daily_summaries
environment,ozone_max,2000-01-01,2025-01-01,annual,monitor,26,209,epa_airdata_annual_conc_by_monitor
environment,ozone_mean,2000-01-01,2025-01-01,annual,monitor,26,209,epa_airdata_annual_conc_by_monitor
environment,ozone_observation_percent,2000-01-01,2025-01-01,annual,monitor,26,209,epa_airdata_annual_conc_by_monitor
environment,precipitation,2000-01-01,2026-08-08,daily,station,9717,73168,noaa_ncei_daily_summaries
environment,snow_depth,2000-01-01,2026-08-08,daily,station,9717,40952,noaa_ncei_daily_summaries
environment,snowfall,2000-01-01,2026-08-08,daily,station,9717,41160,noaa_ncei_daily_summaries
environment,temperature_max,2000-01-01,2026-08-08,daily,station,9717,72410,noaa_ncei_daily_summaries
environment,temperature_mean,2000-01-01,2026-08-08,daily,station,9717,72334,noaa_ncei_daily_summaries
environment,temperature_min,2000-01-01,2026-08-08,daily,station,9717,72346,noaa_ncei_daily_summaries
environment,wind,2000-01-01,2026-08-08,daily,station,9717,50533,noaa_ncei_daily_summaries
healthcare,adult_medicaid_enrollment,2024-01-01,2025-01-02,monthly,state,4,8,medicaid_chip_performance_indicator
healthcare,chip_enrollment,2017-01-01,2025-01-02,monthly,state,18,36,medicaid_chip_performance_indicator
healthcare,dual_eligible_rate,2014-01-01,2024-01-01,annual,county ; national,11,847,cms_medicare_geographic_variation
healthcare,emergency_department_utilization,2014-01-01,2024-01-01,annual,county ; national,11,847,cms_medicare_geographic_variation
healthcare,home_health_utilization,2014-01-01,2024-01-01,annual,county ; national,11,847,cms_medicare_geographic_variation
healthcare,inpatient_utilization,2014-01-01,2024-01-01,annual,county ; national,11,847,cms_medicare_geographic_variation
healthcare,medicaid_call_center_abandonment_rate,2023-01-01,2025-01-02,monthly,state,6,12,medicaid_chip_performance_indicator
healthcare,medicaid_call_center_wait_time,2023-01-01,2025-01-02,monthly,state,6,12,medicaid_chip_performance_indicator
healthcare,medicaid_chip_child_enrollment,2017-01-01,2025-01-02,monthly,state,18,36,medicaid_chip_performance_indicator
healthcare,medicaid_chip_new_applications,2017-01-01,2025-01-02,monthly,state,18,36,medicaid_chip_performance_indicator
healthcare,medicaid_chip_total_enrollment,2017-01-01,2025-01-02,monthly,state,18,36,medicaid_chip_performance_indicator
healthcare,medicaid_enrollment,2017-01-01,2025-01-02,monthly,state,18,36,medicaid_chip_performance_indicator
healthcare,medicare_advantage_participation_rate,2014-01-01,2024-01-01,annual,county ; national,11,847,cms_medicare_geographic_variation
healthcare,medicare_beneficiary_count,2014-01-01,2024-01-01,annual,county ; national,11,847,cms_medicare_geographic_variation
healthcare,medicare_per_capita_spending,2014-01-01,2024-01-01,annual,county ; national,11,847,cms_medicare_geographic_variation
healthcare,outpatient_utilization,2014-01-01,2024-01-01,annual,county ; national,11,847,cms_medicare_geographic_variation
healthcare,post_acute_utilization,2014-01-01,2024-01-01,annual,county ; national,11,847,cms_medicare_geographic_variation
policy,pharmaceutical_tariff_rate,2012-01-01,2022-01-01,annual,country,11,11,wits_trains
population,birth_rate,2011-01-01,2025-01-01,annual,county,14,1050,census_county_population_estimates
population,births,2010-01-01,2025-01-01,annual,county ; region,16,1328,census_county_population_estimates
population,death_rate,2011-01-01,2025-01-01,annual,county,14,1050,census_county_population_estimates
population,deaths,2010-01-01,2025-01-01,annual,county ; region,16,1328,census_county_population_estimates
population,domestic_migration,2010-01-01,2025-01-01,annual,county ; region,16,1328,census_county_population_estimates
population,international_migration,2010-01-01,2025-01-01,annual,county ; region,16,1328,census_county_population_estimates
population,natural_change,2010-01-01,2025-01-01,annual,county ; region,16,1328,census_county_population_estimates
population,natural_change_rate,2021-01-01,2025-01-01,annual,county,5,375,census_county_population_estimates
population,net_migration,2010-01-01,2025-01-01,annual,county ; region,16,1328,census_county_population_estimates
population,net_migration_rate,2011-01-01,2025-01-01,annual,county,14,1050,census_county_population_estimates
population,population_growth_abs,2010-01-01,2025-01-01,annual,county ; region,16,1328,census_county_population_estimates
population,population_total,2010-01-01,2025-01-01,annual,county ; region,16,1403,cdc_places_2024 ; census_county_population_estimates
supply_chain,gscpi,2012-01-01,2022-12-01,month,global,132,132,nyfed_gscpi_monthly_2012_2022
supply_chain,north_range_original,2012-01-01,2022-12-01,month,global,132,132,rwi_isl_container_throughput_monthly_2012_2022
supply_chain,north_range_seasonally_adjusted,2012-01-01,2022-12-01,month,global,132,132,rwi_isl_container_throughput_monthly_2012_2022
supply_chain,north_range_trend_cycle,2012-01-01,2022-12-01,month,global,132,132,rwi_isl_container_throughput_monthly_2012_2022
supply_chain,total_original,2012-01-01,2022-12-01,month,global,132,132,rwi_isl_container_throughput_monthly_2012_2022
supply_chain,total_seasonally_adjusted,2012-01-01,2022-12-01,month,global,132,132,rwi_isl_container_throughput_monthly_2012_2022
supply_chain,total_trend_cycle,2012-01-01,2022-12-01,month,global,132,132,rwi_isl_container_throughput_monthly_2012_2022
supply_chain,value,2012-01-01,2022-12-01,month,global,132,9636,eia_crude_spot_prices_monthly_2012_2022 ; worldbank_pink_sheet_monthly_2012_2022
trade,country_export_share,2012-01-01,2024-01-01,annual,country,13,74501,cepii_baci
trade,country_import_share,2012-01-01,2024-01-01,annual,country,13,23629,cepii_baci
trade,pharmaceutical_export_value,2000-01-01,2024-01-01,annual,country,25,138336,cepii_baci
trade,pharmaceutical_export_volume,2000-01-01,2024-01-01,annual,country,25,130863,cepii_baci
trade,pharmaceutical_import_value,2000-01-01,2024-01-01,annual,country,25,42775,cepii_baci
trade,pharmaceutical_import_volume,2000-01-01,2024-01-01,annual,country,25,40696,cepii_baci
