drug_name,rank,signal,train_correlation
Acetaminophen 500 mg tablet,1,model_news_output_national_supply_chain_risk_monthly_state_AR,0.7640707418153803
Acetaminophen 500 mg tablet,2,model_news_output_national_supply_stage_direction_monthly_state_AR,0.7640707418153803
Acetaminophen 500 mg tablet,3,model_news_output_arkansas_anti_infective_national_supply_monthly_state_AR,0.7437224482567112
Acetaminophen 500 mg tablet,4,model_external_state_feature_national_unemployment_rate_rolling_std_4_monthly_national_US,0.6651719979008847
Acetaminophen 500 mg tablet,5,model_news_output_arkansas_anesthesia_supply_chain_monthly_state_AR,0.6487065162344752
Acetaminophen 500 mg tablet,6,model_news_output_arkansas_antiinfective_anesthesia_supply_monthly_state_AR,0.6397386318973646
Acetaminophen 500 mg tablet,7,model_news_output_arkansas_anti_infective_national_policy_monthly_state_AR,0.6357866946201243
Acetaminophen 500 mg tablet,8,model_news_output_arkansas_anti_infective_supply_chain_monthly_state_AR,0.6244268546931457
Acetaminophen 500 mg tablet,9,model_news_output_arkansas_anti_infective_anesthesia_policy_monthly_state_AR,0.6227275810990213
Acetaminophen 500 mg tablet,10,model_news_output_arkansas_anti_infective_supply_policy_pressure_monthly_state_AR,0.6226138059984626
Acetaminophen 500 mg tablet,11,model_external_state_feature_consumer_price_index_all_items_rolling_std_4_monthly_national,-0.5517275983943241
Acetaminophen 500 mg tablet,12,model_news_output_arkansas_anti_infective_national_demand_monthly_state_AR,0.5311595583050018
Acetaminophen 500 mg tablet,13,model_external_state_feature_consumer_price_index_all_items_change_4_monthly_national_US,-0.5164000413061621
Acetaminophen 500 mg tablet,14,model_news_output_arkansas_anesthesia_disruption_monthly_state_AR,0.48870078253000027
Acetaminophen 500 mg tablet,15,model_external_state_feature_arkansas_unemployment_rate_seasonal_anomaly_monthly_state_AR,0.47854984555157987
Albuterol HFA inhaler,1,model_external_state_feature_national_unemployment_rate_rolling_std_4_monthly_national_US,0.689860745071785
Albuterol HFA inhaler,2,model_news_output_national_supply_chain_risk_monthly_state_AR,0.6132665904488585
Albuterol HFA inhaler,3,model_news_output_national_supply_stage_direction_monthly_state_AR,0.6132665904488585
Albuterol HFA inhaler,4,model_news_output_arkansas_anti_infective_national_supply_monthly_state_AR,0.5755383304789087
Albuterol HFA inhaler,5,model_external_state_feature_consumer_price_index_all_items_rolling_std_4_monthly_national,-0.5480163023518674
Albuterol HFA inhaler,6,model_external_state_feature_consumer_price_index_all_items_change_4_monthly_national_US,-0.5382731059420081
Albuterol HFA inhaler,7,model_external_state_feature_arkansas_unemployment_rate_seasonal_anomaly_monthly_state_AR,0.5287180228821999
Albuterol HFA inhaler,8,model_news_output_arkansas_anti_infective_national_policy_monthly_state_AR,0.48900334601032297
Albuterol HFA inhaler,9,model_external_state_feature_national_unemployment_rate_lag_1_monthly_national_US,0.47159031774097904
Albuterol HFA inhaler,10,model_external_state_feature_consumer_price_index_all_items_change_12_monthly_national_US,-0.470101075945307
Albuterol HFA inhaler,11,model_news_output_arkansas_anesthesia_supply_chain_monthly_state_AR,0.4544551308910442
Albuterol HFA inhaler,12,model_external_state_feature_consumer_price_index_all_items_lag_4_monthly_national_US,0.45184368193551067
Albuterol HFA inhaler,13,model_news_output_arkansas_antiinfective_anesthesia_supply_monthly_state_AR,0.4463265384944888
Albuterol HFA inhaler,14,model_external_state_feature_consumer_price_index_all_items_change_1_monthly_national_US,-0.4393285457828665
Albuterol HFA inhaler,15,model_news_output_arkansas_anti_infective_supply_chain_monthly_state_AR,0.4337447965292403
Amlodipine 5 mg tablet,1,model_external_state_feature_consumer_price_index_all_items_change_1_monthly_national_US,0.27301194898212305
Amlodipine 5 mg tablet,2,model_external_state_feature_consumer_price_index_all_items_change_4_monthly_national_US,0.25466880951067794
Amlodipine 5 mg tablet,3,model_external_state_feature_arkansas_unemployment_rate_change_4_monthly_state_AR,0.22777816205438603
Amlodipine 5 mg tablet,4,model_external_state_feature_national_unemployment_rate_rolling_std_4_monthly_national_US,-0.20500050544339019
Amlodipine 5 mg tablet,5,model_external_state_feature_arkansas_unemployment_rate_lag_4_monthly_state_AR,-0.1955100491263204
Amlodipine 5 mg tablet,6,model_external_state_feature_arkansas_unemployment_rate_lag_1_monthly_state_AR,0.19187256675784908
Amlodipine 5 mg tablet,7,model_external_state_feature_consumer_price_index_all_items_rolling_std_4_monthly_national,0.18861972111168
Amlodipine 5 mg tablet,8,model_external_state_feature_arkansas_unemployment_rate_rolling_std_4_monthly_state_AR,0.18631352129519851
Amlodipine 5 mg tablet,9,model_news_output_arkansas_anti_infective_disruption_monthly_state_AR,0.16316200368700623
Amlodipine 5 mg tablet,10,model_external_state_feature_medicaid_call_center_abandonment_rate_monthly_state_AR,-0.14912404562237572
Amlodipine 5 mg tablet,11,model_external_state_feature_chip_enrollment_monthly_state_AR,-0.1491240456223754
Amlodipine 5 mg tablet,12,model_external_state_feature_medicaid_chip_child_enrollment_monthly_state_AR,0.1491240456223753
Amlodipine 5 mg tablet,13,model_external_state_feature_medicaid_chip_new_applications_monthly_state_AR,-0.14912404562237513
Amlodipine 5 mg tablet,14,model_external_state_feature_medicaid_call_center_wait_time_monthly_state_AR,0.1491240456223751
Amlodipine 5 mg tablet,15,model_external_state_feature_adult_medicaid_enrollment_monthly_state_AR,0.149124045622375
Amoxicillin 500 mg capsule,1,model_news_output_national_supply_chain_risk_monthly_state_AR,0.8169244817467887
Amoxicillin 500 mg capsule,2,model_news_output_national_supply_stage_direction_monthly_state_AR,0.8169244817467887
Amoxicillin 500 mg capsule,3,model_news_output_arkansas_anti_infective_national_supply_monthly_state_AR,0.7900839165344329
Amoxicillin 500 mg capsule,4,model_news_output_arkansas_anti_infective_national_policy_monthly_state_AR,0.6791141753825511
Amoxicillin 500 mg capsule,5,model_news_output_arkansas_anesthesia_supply_chain_monthly_state_AR,0.6610025313781926
Amoxicillin 500 mg capsule,6,model_news_output_arkansas_antiinfective_anesthesia_supply_monthly_state_AR,0.6595119961981877
Amoxicillin 500 mg capsule,7,model_news_output_arkansas_anti_infective_supply_chain_monthly_state_AR,0.6515941831587805
Amoxicillin 500 mg capsule,8,model_news_output_arkansas_anti_infective_supply_policy_pressure_monthly_state_AR,0.6513858901280413
Amoxicillin 500 mg capsule,9,model_news_output_arkansas_anti_infective_anesthesia_policy_monthly_state_AR,0.648046101096454
Amoxicillin 500 mg capsule,10,model_external_state_feature_national_unemployment_rate_rolling_std_4_monthly_national_US,0.6170475745935298
Amoxicillin 500 mg capsule,11,model_news_output_arkansas_anti_infective_national_demand_monthly_state_AR,0.5448053333485228
Amoxicillin 500 mg capsule,12,model_news_output_arkansas_anti_infective_composite_burden_monthly_state_AR,0.5140892530137762
Amoxicillin 500 mg capsule,13,model_news_output_arkansas_anti_infective_supply_disruption_monthly_state_AR,0.5138078830722109
Amoxicillin 500 mg capsule,14,model_news_output_arkansas_anesthesia_disruption_monthly_state_AR,0.5098246091717624
Amoxicillin 500 mg capsule,15,model_external_state_feature_arkansas_unemployment_rate_seasonal_anomaly_monthly_state_AR,0.4898077508700193
Amoxicillin-clavulanate 875/125 mg tablet,1,model_news_output_national_supply_chain_risk_monthly_state_AR,0.8349361644146781
Amoxicillin-clavulanate 875/125 mg tablet,2,model_news_output_national_supply_stage_direction_monthly_state_AR,0.8349361644146781
Amoxicillin-clavulanate 875/125 mg tablet,3,model_news_output_arkansas_anti_infective_national_supply_monthly_state_AR,0.8109290411824436
Amoxicillin-clavulanate 875/125 mg tablet,4,model_news_output_arkansas_anti_infective_national_policy_monthly_state_AR,0.7039217267528793
Amoxicillin-clavulanate 875/125 mg tablet,5,model_news_output_arkansas_anesthesia_supply_chain_monthly_state_AR,0.692263115993449
Amoxicillin-clavulanate 875/125 mg tablet,6,model_news_output_arkansas_antiinfective_anesthesia_supply_monthly_state_AR,0.6878823574484101
Amoxicillin-clavulanate 875/125 mg tablet,7,model_news_output_arkansas_anti_infective_supply_chain_monthly_state_AR,0.67675676625264
Amoxicillin-clavulanate 875/125 mg tablet,8,model_news_output_arkansas_anti_infective_supply_policy_pressure_monthly_state_AR,0.6757353394971364
Amoxicillin-clavulanate 875/125 mg tablet,9,model_news_output_arkansas_anti_infective_anesthesia_policy_monthly_state_AR,0.6739740364135499
Amoxicillin-clavulanate 875/125 mg tablet,10,model_external_state_feature_national_unemployment_rate_rolling_std_4_monthly_national_US,0.6007943798234748
Amoxicillin-clavulanate 875/125 mg tablet,11,model_news_output_arkansas_anti_infective_national_demand_monthly_state_AR,0.5718527745359091
Amoxicillin-clavulanate 875/125 mg tablet,12,model_news_output_arkansas_anesthesia_disruption_monthly_state_AR,0.5554010198086062
Amoxicillin-clavulanate 875/125 mg tablet,13,model_news_output_arkansas_anti_infective_supply_disruption_monthly_state_AR,0.5465016225646419
Amoxicillin-clavulanate 875/125 mg tablet,14,model_news_output_arkansas_anti_infective_composite_burden_monthly_state_AR,0.5463983418442263
Amoxicillin-clavulanate 875/125 mg tablet,15,model_external_state_feature_consumer_price_index_all_items_rolling_std_4_monthly_national,-0.4802985667149415
Atorvastatin 20 mg tablet,1,model_external_state_feature_arkansas_unemployment_rate_seasonal_baseline_monthly_state_AR,-0.408851101633731
Atorvastatin 20 mg tablet,2,model_external_state_feature_arkansas_unemployment_rate_rolling_mean_4_monthly_state_AR,0.40459961985780907
Atorvastatin 20 mg tablet,3,model_external_state_feature_arkansas_unemployment_rate_lag_12_monthly_state_AR,-0.40091948603364364
Atorvastatin 20 mg tablet,4,model_external_state_feature_arkansas_unemployment_rate_change_12_monthly_state_AR,0.3046698331337493
Atorvastatin 20 mg tablet,5,model_external_state_feature_arkansas_unemployment_rate_seasonal_anomaly_monthly_state_AR,0.27523445284180653
Atorvastatin 20 mg tablet,6,model_external_state_feature_arkansas_unemployment_rate_change_4_monthly_state_AR,-0.27243828623221916
Atorvastatin 20 mg tablet,7,model_external_state_feature_consumer_price_index_all_items_lag_1_monthly_national_US,0.2651705786523636
Atorvastatin 20 mg tablet,8,model_external_state_feature_consumer_price_index_all_items_rolling_mean_12_monthly_nation,0.24027733613226787
Atorvastatin 20 mg tablet,9,model_external_state_feature_consumer_price_index_all_items_monthly_national_US,0.23808689200883423
Atorvastatin 20 mg tablet,10,model_external_state_feature_consumer_price_index_all_items_rolling_mean_4_monthly_nationa,0.23781378077437657
Atorvastatin 20 mg tablet,11,model_external_state_feature_consumer_price_index_all_items_change_1_monthly_national_US,-0.23711820166403888
Atorvastatin 20 mg tablet,12,model_external_state_feature_national_unemployment_rate_lag_1_monthly_national_US,0.2356653174513588
Atorvastatin 20 mg tablet,13,model_external_state_feature_consumer_price_index_all_items_lag_12_monthly_national_US,0.23302219268433047
Atorvastatin 20 mg tablet,14,model_external_state_feature_arkansas_unemployment_rate_lag_4_monthly_state_AR,0.2313074603999435
Atorvastatin 20 mg tablet,15,model_external_state_feature_consumer_price_index_all_items_seasonal_baseline_monthly_nati,0.22710126388021898
Azithromycin 250 mg tablet,1,model_news_output_national_supply_chain_risk_monthly_state_AR,0.8092677893608634
Azithromycin 250 mg tablet,2,model_news_output_national_supply_stage_direction_monthly_state_AR,0.8092677893608634
Azithromycin 250 mg tablet,3,model_news_output_arkansas_anti_infective_national_supply_monthly_state_AR,0.7903186807884172
Azithromycin 250 mg tablet,4,model_news_output_arkansas_anesthesia_supply_chain_monthly_state_AR,0.6925052395086089
Azithromycin 250 mg tablet,5,model_news_output_arkansas_antiinfective_anesthesia_supply_monthly_state_AR,0.6844189347352536
Azithromycin 250 mg tablet,6,model_news_output_arkansas_anti_infective_national_policy_monthly_state_AR,0.6778889134991865
Azithromycin 250 mg tablet,7,model_news_output_arkansas_anti_infective_supply_chain_monthly_state_AR,0.6695675843169062
Azithromycin 250 mg tablet,8,model_news_output_arkansas_anti_infective_supply_policy_pressure_monthly_state_AR,0.6686074079359603
Azithromycin 250 mg tablet,9,model_news_output_arkansas_anti_infective_anesthesia_policy_monthly_state_AR,0.6681219577064219
Azithromycin 250 mg tablet,10,model_news_output_arkansas_anti_infective_national_demand_monthly_state_AR,0.5799028214794758
Azithromycin 250 mg tablet,11,model_external_state_feature_national_unemployment_rate_rolling_std_4_monthly_national_US,0.578098367707939
Azithromycin 250 mg tablet,12,model_news_output_arkansas_anesthesia_disruption_monthly_state_AR,0.5551890125001
Azithromycin 250 mg tablet,13,model_news_output_arkansas_anti_infective_supply_disruption_monthly_state_AR,0.5498888277436123
Azithromycin 250 mg tablet,14,model_news_output_arkansas_anti_infective_composite_burden_monthly_state_AR,0.5498100847671867
Azithromycin 250 mg tablet,15,model_external_state_feature_consumer_price_index_all_items_rolling_std_4_monthly_national,-0.5049554017415282
Cephalexin 500 mg capsule,1,model_news_output_national_supply_chain_risk_monthly_state_AR,0.8147090601057209
Cephalexin 500 mg capsule,2,model_news_output_national_supply_stage_direction_monthly_state_AR,0.8147090601057209
Cephalexin 500 mg capsule,3,model_news_output_arkansas_anti_infective_national_supply_monthly_state_AR,0.7965405502220119
Cephalexin 500 mg capsule,4,model_news_output_arkansas_anesthesia_supply_chain_monthly_state_AR,0.6931853692940075
Cephalexin 500 mg capsule,5,model_news_output_arkansas_antiinfective_anesthesia_supply_monthly_state_AR,0.6884362381374739
Cephalexin 500 mg capsule,6,model_news_output_arkansas_anti_infective_supply_chain_monthly_state_AR,0.676931541181492
Cephalexin 500 mg capsule,7,model_news_output_arkansas_anti_infective_supply_policy_pressure_monthly_state_AR,0.6766358168958105
Cephalexin 500 mg capsule,8,model_news_output_arkansas_anti_infective_anesthesia_policy_monthly_state_AR,0.6747044955527803
Cephalexin 500 mg capsule,9,model_news_output_arkansas_anti_infective_national_policy_monthly_state_AR,0.6638509605026165
Cephalexin 500 mg capsule,10,model_news_output_arkansas_anti_infective_national_demand_monthly_state_AR,0.5952065167996355
Cephalexin 500 mg capsule,11,model_external_state_feature_national_unemployment_rate_rolling_std_4_monthly_national_US,0.592345713268215
Cephalexin 500 mg capsule,12,model_news_output_arkansas_anti_infective_composite_burden_monthly_state_AR,0.5473478923830665
Cephalexin 500 mg capsule,13,model_news_output_arkansas_anti_infective_supply_disruption_monthly_state_AR,0.5470961437573658
Cephalexin 500 mg capsule,14,model_news_output_arkansas_anesthesia_disruption_monthly_state_AR,0.5453496103093597
Cephalexin 500 mg capsule,15,model_external_state_feature_consumer_price_index_all_items_change_4_monthly_national_US,-0.5026955482087808
Cetirizine 10 mg tablet,1,model_external_state_feature_consumer_price_index_all_items_change_1_monthly_national_US,0.5381394732593623
Cetirizine 10 mg tablet,2,model_external_state_feature_consumer_price_index_all_items_change_12_monthly_national_US,0.510451549053108
Cetirizine 10 mg tablet,3,model_external_state_feature_arkansas_unemployment_rate_change_1_monthly_state_AR,-0.42206461925692734
Cetirizine 10 mg tablet,4,model_external_state_feature_national_unemployment_rate_change_4_monthly_national_US,-0.40198376986629236
Cetirizine 10 mg tablet,5,model_external_state_feature_arkansas_unemployment_rate_lag_4_monthly_state_AR,-0.37900709527339116
Cetirizine 10 mg tablet,6,model_external_state_feature_consumer_price_index_all_items_seasonal_baseline_monthly_nati,-0.3647547173901205
Cetirizine 10 mg tablet,7,model_external_state_feature_consumer_price_index_all_items_change_4_monthly_national_US,0.3589163145234921
Cetirizine 10 mg tablet,8,model_external_state_feature_arkansas_unemployment_rate_seasonal_anomaly_monthly_state_AR,-0.3557781591932453
Cetirizine 10 mg tablet,9,model_external_state_feature_consumer_price_index_all_items_rolling_std_4_monthly_national,0.3094489955080396
Cetirizine 10 mg tablet,10,model_external_state_feature_consumer_price_index_all_items_lag_12_monthly_national_US,-0.3001542037667682
Cetirizine 10 mg tablet,11,model_external_state_feature_consumer_price_index_all_items_rolling_mean_4_monthly_nationa,-0.29669326295526055
Cetirizine 10 mg tablet,12,model_external_state_feature_national_unemployment_rate_rolling_std_4_monthly_national_US,-0.28526373106897046
Cetirizine 10 mg tablet,13,model_external_state_feature_consumer_price_index_all_items_lag_4_monthly_national_US,-0.2839106677944273
Cetirizine 10 mg tablet,14,model_news_output_arkansas_anesthesia_policy_monthly_state_AR,0.264365264103264
Cetirizine 10 mg tablet,15,model_news_output_national_demand_risk_monthly_state_AR,0.24297725604574505
Doxycycline 100 mg capsule,1,model_news_output_national_supply_chain_risk_monthly_state_AR,0.8376159505947987
Doxycycline 100 mg capsule,2,model_news_output_national_supply_stage_direction_monthly_state_AR,0.8376159505947987
Doxycycline 100 mg capsule,3,model_news_output_arkansas_anti_infective_national_supply_monthly_state_AR,0.8218190801814913
Doxycycline 100 mg capsule,4,model_news_output_arkansas_anesthesia_supply_chain_monthly_state_AR,0.7275175547575203
Doxycycline 100 mg capsule,5,model_news_output_arkansas_antiinfective_anesthesia_supply_monthly_state_AR,0.7198353578168524
Doxycycline 100 mg capsule,6,model_news_output_arkansas_anti_infective_supply_chain_monthly_state_AR,0.7050500003615139
Doxycycline 100 mg capsule,7,model_news_output_arkansas_anti_infective_supply_policy_pressure_monthly_state_AR,0.7037105427344378
Doxycycline 100 mg capsule,8,model_news_output_arkansas_anti_infective_anesthesia_policy_monthly_state_AR,0.7028155140055093
Doxycycline 100 mg capsule,9,model_news_output_arkansas_anti_infective_national_policy_monthly_state_AR,0.6914310154208174
Doxycycline 100 mg capsule,10,model_news_output_arkansas_anti_infective_national_demand_monthly_state_AR,0.6004414382397391
Doxycycline 100 mg capsule,11,model_external_state_feature_national_unemployment_rate_rolling_std_4_monthly_national_US,0.594794496729716
Doxycycline 100 mg capsule,12,model_news_output_arkansas_anesthesia_disruption_monthly_state_AR,0.5855713675344911
Doxycycline 100 mg capsule,13,model_news_output_arkansas_anti_infective_supply_disruption_monthly_state_AR,0.5754517254532495
Doxycycline 100 mg capsule,14,model_news_output_arkansas_anti_infective_composite_burden_monthly_state_AR,0.5752086412878447
Doxycycline 100 mg capsule,15,model_external_state_feature_consumer_price_index_all_items_rolling_std_4_monthly_national,-0.4839063205658632
Famotidine 20 mg tablet,1,model_external_state_feature_arkansas_unemployment_rate_change_1_monthly_state_AR,-0.286178052171017
Famotidine 20 mg tablet,2,model_external_state_feature_arkansas_unemployment_rate_rolling_mean_12_monthly_state_AR,0.22103727831795125
Famotidine 20 mg tablet,3,model_external_state_feature_arkansas_unemployment_rate_rolling_std_4_monthly_state_AR,0.22048904978277087
Famotidine 20 mg tablet,4,model_news_output_arkansas_anesthesia_disruption_monthly_state_AR,0.2067214796348753
Famotidine 20 mg tablet,5,model_external_state_feature_shortage_active_weekly_national_US,-0.20595265580415256
Famotidine 20 mg tablet,6,model_news_output_arkansas_anti_infective_disruption_monthly_state_AR,0.20487135287198355
Famotidine 20 mg tablet,7,model_external_state_feature_national_unemployment_rate_lag_4_monthly_national_US,0.20374085118951696
Famotidine 20 mg tablet,8,model_external_state_feature_arkansas_unemployment_rate_lag_4_monthly_state_AR,-0.2022120880585719
Famotidine 20 mg tablet,9,model_external_state_feature_national_unemployment_rate_rolling_mean_12_monthly_national_U,0.19470527293556616
Famotidine 20 mg tablet,10,model_external_state_feature_consumer_price_index_all_items_change_12_monthly_national_US,0.17444249195943712
Famotidine 20 mg tablet,11,model_external_state_feature_national_unemployment_rate_change_4_monthly_national_US,-0.16994859791873462
Famotidine 20 mg tablet,12,model_news_output_arkansas_anti_infective_composite_burden_monthly_state_AR,0.16916041937271364
Famotidine 20 mg tablet,13,model_external_state_feature_dual_eligible_rate_annual_national_US,0.16722188882856462
Famotidine 20 mg tablet,14,model_external_state_feature_post_acute_utilization_annual_national_US,0.16722188882856448
Famotidine 20 mg tablet,15,model_external_state_feature_outpatient_utilization_annual_national_US,0.1672218888285643
Fluticasone nasal spray,1,model_external_state_feature_consumer_price_index_all_items_change_1_monthly_national_US,0.6097010111639138
Fluticasone nasal spray,2,model_external_state_feature_consumer_price_index_all_items_change_12_monthly_national_US,0.538098936551215
Fluticasone nasal spray,3,model_external_state_feature_national_unemployment_rate_change_4_monthly_national_US,-0.46261459967657337
Fluticasone nasal spray,4,model_external_state_feature_arkansas_unemployment_rate_seasonal_anomaly_monthly_state_AR,-0.45791447714411826
Fluticasone nasal spray,5,model_external_state_feature_consumer_price_index_all_items_seasonal_baseline_monthly_nati,-0.4527675783233509
Fluticasone nasal spray,6,model_news_output_arkansas_anesthesia_policy_monthly_state_AR,0.401198340490216
Fluticasone nasal spray,7,model_external_state_feature_arkansas_unemployment_rate_lag_4_monthly_state_AR,-0.3646485731130956
Fluticasone nasal spray,8,model_external_state_feature_consumer_price_index_all_items_rolling_mean_4_monthly_nationa,-0.3497523192503363
Fluticasone nasal spray,9,model_external_state_feature_consumer_price_index_all_items_lag_12_monthly_national_US,-0.3482389989901808
Fluticasone nasal spray,10,model_external_state_feature_arkansas_unemployment_rate_change_1_monthly_state_AR,-0.32178736710580347
Fluticasone nasal spray,11,model_news_output_arkansas_opioid_demand_monthly_state_AR,0.31577367210699514
Fluticasone nasal spray,12,model_external_state_feature_national_unemployment_rate_lag_12_monthly_national_US,0.3117831786561941
Fluticasone nasal spray,13,model_external_state_feature_consumer_price_index_all_items_lag_4_monthly_national_US,-0.3109446834494666
Fluticasone nasal spray,14,model_news_output_national_demand_risk_monthly_state_AR,0.3053424657983048
Fluticasone nasal spray,15,model_external_state_feature_consumer_price_index_all_items_lag_1_monthly_national_US,-0.303194595535896
Gabapentin 300 mg capsule,1,model_external_state_feature_arkansas_unemployment_rate_change_12_monthly_state_AR,0.42491295598482487
Gabapentin 300 mg capsule,2,model_external_state_feature_arkansas_unemployment_rate_seasonal_anomaly_monthly_state_AR,0.32143634978095625
Gabapentin 300 mg capsule,3,model_news_output_arkansas_anti_infective_disruption_monthly_state_AR,-0.31599014194598773
Gabapentin 300 mg capsule,4,model_news_output_arkansas_opioid_demand_monthly_state_AR,-0.3046923435853736
Gabapentin 300 mg capsule,5,model_external_state_feature_national_unemployment_rate_seasonal_anomaly_monthly_national_,0.2954525457925218
Gabapentin 300 mg capsule,6,model_external_state_feature_national_unemployment_rate_change_12_monthly_national_US,0.2921678363160314
Gabapentin 300 mg capsule,7,model_external_state_feature_consumer_price_index_all_items_seasonal_anomaly_monthly_natio,0.28143601869037455
Gabapentin 300 mg capsule,8,model_external_state_feature_national_unemployment_rate_rolling_std_12_monthly_national_US,0.2799562097386181
Gabapentin 300 mg capsule,9,model_news_output_national_demand_risk_monthly_state_AR,-0.26772588393993985
Gabapentin 300 mg capsule,10,model_external_state_feature_national_unemployment_rate_lag_12_monthly_national_US,-0.2670246593175655
Gabapentin 300 mg capsule,11,model_external_state_feature_national_unemployment_rate_change_4_monthly_national_US,0.2666473412124716
Gabapentin 300 mg capsule,12,model_external_state_feature_national_unemployment_rate_seasonal_baseline_monthly_national,-0.26327171400588956
Gabapentin 300 mg capsule,13,model_external_state_feature_post_acute_utilization_annual_national_US,0.25371980555952606
Gabapentin 300 mg capsule,14,model_external_state_feature_dual_eligible_rate_annual_national_US,0.25371980555952545
Gabapentin 300 mg capsule,15,model_external_state_feature_medicare_beneficiary_count_annual_national_US,0.2537198055595252
Glipizide 5 mg tablet,1,model_external_state_feature_arkansas_unemployment_rate_lag_1_monthly_state_AR,0.3681463144818727
Glipizide 5 mg tablet,2,model_external_state_feature_arkansas_unemployment_rate_monthly_state_AR,0.36394049520366323
Glipizide 5 mg tablet,3,model_external_state_feature_national_unemployment_rate_rolling_std_12_monthly_national_US,0.3540823967230229
Glipizide 5 mg tablet,4,model_external_state_feature_dual_eligible_rate_annual_national_US,0.34147586014153064
Glipizide 5 mg tablet,5,model_external_state_feature_outpatient_utilization_annual_national_US,0.34147586014152953
Glipizide 5 mg tablet,6,model_external_state_feature_post_acute_utilization_annual_national_US,0.34147586014152953
Glipizide 5 mg tablet,7,model_external_state_feature_emergency_department_utilization_annual_national_US,0.3414758601415293
Glipizide 5 mg tablet,8,model_external_state_feature_inpatient_utilization_annual_national_US,0.34147586014152925
Glipizide 5 mg tablet,9,model_external_state_feature_medicare_advantage_participation_rate_annual_national_US,0.3414758601415291
Glipizide 5 mg tablet,10,model_external_state_feature_medicare_beneficiary_count_annual_national_US,0.3414758601415291
Glipizide 5 mg tablet,11,model_external_state_feature_home_health_utilization_annual_national_US,0.34147586014152903
Glipizide 5 mg tablet,12,model_external_state_feature_medicare_per_capita_spending_annual_national_US,0.34147586014152814
Glipizide 5 mg tablet,13,model_news_output_national_policy_direction_monthly_state_AR,0.3222835978998764
Glipizide 5 mg tablet,14,model_news_output_national_policy_risk_monthly_state_AR,0.3222835978998764
Glipizide 5 mg tablet,15,model_external_state_feature_national_unemployment_rate_seasonal_anomaly_monthly_national_,0.31999614066529114
Hydrochlorothiazide 25 mg tablet,1,model_external_state_feature_arkansas_unemployment_rate_seasonal_anomaly_monthly_state_AR,-0.384331789966991
Hydrochlorothiazide 25 mg tablet,2,model_external_state_feature_national_unemployment_rate_change_4_monthly_national_US,-0.35730454053983585
Hydrochlorothiazide 25 mg tablet,3,model_external_state_feature_national_unemployment_rate_change_12_monthly_national_US,-0.32755131458394365
Hydrochlorothiazide 25 mg tablet,4,model_external_state_feature_national_unemployment_rate_seasonal_anomaly_monthly_national_,-0.28679546784481263
Hydrochlorothiazide 25 mg tablet,5,model_external_state_feature_arkansas_unemployment_rate_change_12_monthly_state_AR,-0.28262231507673197
Hydrochlorothiazide 25 mg tablet,6,model_external_state_feature_consumer_price_index_all_items_change_12_monthly_national_US,0.28005497429469445
Hydrochlorothiazide 25 mg tablet,7,model_external_state_feature_consumer_price_index_all_items_lag_4_monthly_national_US,-0.2669628687550435
Hydrochlorothiazide 25 mg tablet,8,model_external_state_feature_national_unemployment_rate_monthly_national_US,-0.2662239990262408
Hydrochlorothiazide 25 mg tablet,9,model_external_state_feature_consumer_price_index_all_items_seasonal_baseline_monthly_nati,-0.2637943603889468
Hydrochlorothiazide 25 mg tablet,10,model_external_state_feature_national_unemployment_rate_lag_12_monthly_national_US,0.26124337719179364
Hydrochlorothiazide 25 mg tablet,11,model_external_state_feature_consumer_price_index_all_items_rolling_mean_4_monthly_nationa,-0.25184839358678085
Hydrochlorothiazide 25 mg tablet,12,model_external_state_feature_national_unemployment_rate_rolling_std_4_monthly_national_US,-0.2501765802991664
Hydrochlorothiazide 25 mg tablet,13,model_external_state_feature_arkansas_unemployment_rate_monthly_state_AR,-0.2500832351341193
Hydrochlorothiazide 25 mg tablet,14,model_external_state_feature_consumer_price_index_all_items_change_1_monthly_national_US,0.24386958242369317
Hydrochlorothiazide 25 mg tablet,15,model_external_state_feature_consumer_price_index_all_items_lag_12_monthly_national_US,-0.24112098864969134
Ibuprofen 200 mg tablet,1,model_news_output_national_supply_chain_risk_monthly_state_AR,0.7192636885527325
Ibuprofen 200 mg tablet,2,model_news_output_national_supply_stage_direction_monthly_state_AR,0.7192636885527325
Ibuprofen 200 mg tablet,3,model_news_output_arkansas_anti_infective_national_supply_monthly_state_AR,0.6963488907813461
Ibuprofen 200 mg tablet,4,model_external_state_feature_national_unemployment_rate_rolling_std_4_monthly_national_US,0.6743455700517962
Ibuprofen 200 mg tablet,5,model_news_output_arkansas_anti_infective_national_policy_monthly_state_AR,0.6251205171008957
Ibuprofen 200 mg tablet,6,model_news_output_arkansas_anesthesia_supply_chain_monthly_state_AR,0.602859323455699
Ibuprofen 200 mg tablet,7,model_news_output_arkansas_antiinfective_anesthesia_supply_monthly_state_AR,0.5923617719372691
Ibuprofen 200 mg tablet,8,model_external_state_feature_consumer_price_index_all_items_rolling_std_4_monthly_national,-0.591679158741628
Ibuprofen 200 mg tablet,9,model_news_output_arkansas_anti_infective_supply_chain_monthly_state_AR,0.5759582525317613
Ibuprofen 200 mg tablet,10,model_news_output_arkansas_anti_infective_supply_policy_pressure_monthly_state_AR,0.5739702420065992
Ibuprofen 200 mg tablet,11,model_news_output_arkansas_anti_infective_anesthesia_policy_monthly_state_AR,0.573759309070969
Ibuprofen 200 mg tablet,12,model_external_state_feature_consumer_price_index_all_items_change_4_monthly_national_US,-0.5389795440430342
Ibuprofen 200 mg tablet,13,model_external_state_feature_national_unemployment_rate_lag_1_monthly_national_US,0.5163558407608242
Ibuprofen 200 mg tablet,14,model_external_state_feature_arkansas_unemployment_rate_seasonal_anomaly_monthly_state_AR,0.5099790115425258
Ibuprofen 200 mg tablet,15,model_external_state_feature_consumer_price_index_all_items_lag_4_monthly_national_US,0.4929277833623417
Insulin glargine 100 units/mL pen,1,model_external_state_feature_consumer_price_index_all_items_rolling_mean_12_monthly_nation,0.497513913076837
Insulin glargine 100 units/mL pen,2,model_external_state_feature_consumer_price_index_all_items_rolling_mean_4_monthly_nationa,0.4945970372022245
Insulin glargine 100 units/mL pen,3,model_external_state_feature_consumer_price_index_all_items_lag_4_monthly_national_US,0.4876927903039655
Insulin glargine 100 units/mL pen,4,model_external_state_feature_consumer_price_index_all_items_monthly_national_US,0.477800462965454
Insulin glargine 100 units/mL pen,5,model_external_state_feature_consumer_price_index_all_items_lag_1_monthly_national_US,0.47577654458407426
Insulin glargine 100 units/mL pen,6,model_external_state_feature_national_unemployment_rate_monthly_national_US,0.4720829087696719
Insulin glargine 100 units/mL pen,7,model_external_state_feature_consumer_price_index_all_items_lag_12_monthly_national_US,0.4719946659706858
Insulin glargine 100 units/mL pen,8,model_external_state_feature_national_unemployment_rate_rolling_mean_4_monthly_national_US,0.4678856152278922
Insulin glargine 100 units/mL pen,9,model_external_state_feature_national_unemployment_rate_change_12_monthly_national_US,0.46701977713559856
Insulin glargine 100 units/mL pen,10,model_external_state_feature_post_acute_utilization_annual_national_US,0.4616014966212077
Insulin glargine 100 units/mL pen,11,model_external_state_feature_dual_eligible_rate_annual_national_US,0.46160149662120686
Insulin glargine 100 units/mL pen,12,model_external_state_feature_medicare_advantage_participation_rate_annual_national_US,0.4616014966212065
Insulin glargine 100 units/mL pen,13,model_external_state_feature_medicare_beneficiary_count_annual_national_US,0.46160149662120636
Insulin glargine 100 units/mL pen,14,model_external_state_feature_emergency_department_utilization_annual_national_US,0.46160149662120603
Insulin glargine 100 units/mL pen,15,model_external_state_feature_inpatient_utilization_annual_national_US,0.4616014966212059
Levothyroxine 50 mcg tablet,1,model_news_output_national_policy_direction_monthly_state_AR,0.4117848073863643
Levothyroxine 50 mcg tablet,2,model_news_output_national_policy_risk_monthly_state_AR,0.4117848073863643
Levothyroxine 50 mcg tablet,3,model_news_output_arkansas_opioid_policy_monthly_state_AR,0.40854060336547027
Levothyroxine 50 mcg tablet,4,model_external_state_feature_consumer_price_index_all_items_rolling_std_12_monthly_nationa,-0.3285812923160265
Levothyroxine 50 mcg tablet,5,model_external_state_feature_outpatient_utilization_annual_national_US,0.27944778459035935
Levothyroxine 50 mcg tablet,6,model_external_state_feature_post_acute_utilization_annual_national_US,0.27944778459035935
Levothyroxine 50 mcg tablet,7,model_external_state_feature_dual_eligible_rate_annual_national_US,0.279447784590359
Levothyroxine 50 mcg tablet,8,model_external_state_feature_medicare_advantage_participation_rate_annual_national_US,0.27944778459035885
Levothyroxine 50 mcg tablet,9,model_external_state_feature_medicare_beneficiary_count_annual_national_US,0.27944778459035885
Levothyroxine 50 mcg tablet,10,model_external_state_feature_emergency_department_utilization_annual_national_US,0.2794477845903588
Levothyroxine 50 mcg tablet,11,model_external_state_feature_inpatient_utilization_annual_national_US,0.27944778459035835
Levothyroxine 50 mcg tablet,12,model_external_state_feature_medicare_per_capita_spending_annual_national_US,0.2794477845903583
Levothyroxine 50 mcg tablet,13,model_external_state_feature_home_health_utilization_annual_national_US,0.2794477845903582
Levothyroxine 50 mcg tablet,14,model_external_state_feature_national_unemployment_rate_rolling_std_12_monthly_national_US,0.26556100388190274
Levothyroxine 50 mcg tablet,15,model_external_state_feature_arkansas_unemployment_rate_change_12_monthly_state_AR,0.2650768902025321
Lisinopril 10 mg tablet,1,model_external_state_feature_arkansas_unemployment_rate_rolling_std_4_monthly_state_AR,0.2461638352116521
Lisinopril 10 mg tablet,2,model_external_state_feature_medicaid_chip_new_applications_monthly_state_AR,-0.23037279794804733
Lisinopril 10 mg tablet,3,model_external_state_feature_medicaid_call_center_abandonment_rate_monthly_state_AR,-0.23037279794804724
Lisinopril 10 mg tablet,4,model_external_state_feature_medicaid_chip_child_enrollment_monthly_state_AR,0.230372797948047
Lisinopril 10 mg tablet,5,model_external_state_feature_medicaid_chip_total_enrollment_monthly_state_AR,-0.230372797948047
Lisinopril 10 mg tablet,6,model_external_state_feature_chip_enrollment_monthly_state_AR,-0.2303727979480466
Lisinopril 10 mg tablet,7,model_external_state_feature_adult_medicaid_enrollment_monthly_state_AR,0.2303727979480465
Lisinopril 10 mg tablet,8,model_external_state_feature_medicaid_enrollment_monthly_state_AR,-0.23037279794804644
Lisinopril 10 mg tablet,9,model_external_state_feature_medicaid_call_center_wait_time_monthly_state_AR,0.23037279794804635
Lisinopril 10 mg tablet,10,model_external_state_feature_consumer_price_index_all_items_seasonal_anomaly_monthly_natio,0.22095658691339176
Lisinopril 10 mg tablet,11,model_external_state_feature_shortage_active_weekly_national_US,-0.21409933063431905
Lisinopril 10 mg tablet,12,model_external_state_feature_arkansas_unemployment_rate_rolling_mean_12_monthly_state_AR,0.19836998280277532
Lisinopril 10 mg tablet,13,model_external_state_feature_national_unemployment_rate_rolling_std_12_monthly_national_US,0.19350011507571518
Lisinopril 10 mg tablet,14,model_external_state_feature_national_unemployment_rate_rolling_mean_12_monthly_national_U,0.1867188428573818
Lisinopril 10 mg tablet,15,model_external_state_feature_post_acute_utilization_annual_national_US,0.17536880170728203
Losartan 50 mg tablet,1,model_external_state_feature_arkansas_unemployment_rate_rolling_std_12_monthly_state_AR,-0.47158913859698764
Losartan 50 mg tablet,2,model_external_state_feature_national_unemployment_rate_rolling_std_4_monthly_national_US,-0.3112707648606386
Losartan 50 mg tablet,3,model_external_state_feature_national_unemployment_rate_change_12_monthly_national_US,0.2923776202610069
Losartan 50 mg tablet,4,model_external_state_feature_national_unemployment_rate_monthly_national_US,0.28997626913871083
Losartan 50 mg tablet,5,model_external_state_feature_national_unemployment_rate_lag_4_monthly_national_US,0.28381319787515435
Losartan 50 mg tablet,6,model_external_state_feature_consumer_price_index_all_items_lag_1_monthly_national_US,0.28147700666690606
Losartan 50 mg tablet,7,model_external_state_feature_arkansas_unemployment_rate_rolling_mean_12_monthly_state_AR,0.27831784291154804
Losartan 50 mg tablet,8,model_external_state_feature_arkansas_unemployment_rate_monthly_state_AR,0.27423087829024434
Losartan 50 mg tablet,9,model_external_state_feature_consumer_price_index_all_items_monthly_national_US,0.27164715741776757
Losartan 50 mg tablet,10,model_external_state_feature_consumer_price_index_all_items_seasonal_baseline_monthly_nati,0.2699215004559131
Losartan 50 mg tablet,11,model_external_state_feature_consumer_price_index_all_items_rolling_mean_4_monthly_nationa,0.26346598563834506
Losartan 50 mg tablet,12,model_external_state_feature_national_unemployment_rate_rolling_mean_12_monthly_national_U,0.25706824935635203
Losartan 50 mg tablet,13,model_external_state_feature_national_unemployment_rate_seasonal_anomaly_monthly_national_,0.25251284999360213
Losartan 50 mg tablet,14,model_external_state_feature_national_unemployment_rate_rolling_mean_4_monthly_national_US,0.24995081709213973
Losartan 50 mg tablet,15,model_external_state_feature_national_unemployment_rate_lag_1_monthly_national_US,0.2495960859241263
Metformin 500 mg tablet,1,model_external_state_feature_national_unemployment_rate_lag_4_monthly_national_US,0.3247059501583059
Metformin 500 mg tablet,2,model_external_state_feature_medicaid_enrollment_monthly_state_AR,-0.32272902210832943
Metformin 500 mg tablet,3,model_external_state_feature_medicaid_call_center_abandonment_rate_monthly_state_AR,-0.3227290221083288
Metformin 500 mg tablet,4,model_external_state_feature_medicaid_chip_new_applications_monthly_state_AR,-0.3227290221083287
Metformin 500 mg tablet,5,model_external_state_feature_medicaid_chip_total_enrollment_monthly_state_AR,-0.32272902210832854
Metformin 500 mg tablet,6,model_external_state_feature_medicaid_chip_child_enrollment_monthly_state_AR,0.3227290221083283
Metformin 500 mg tablet,7,model_external_state_feature_adult_medicaid_enrollment_monthly_state_AR,0.32272902210832777
Metformin 500 mg tablet,8,model_external_state_feature_chip_enrollment_monthly_state_AR,-0.3227290221083277
Metformin 500 mg tablet,9,model_external_state_feature_medicaid_call_center_wait_time_monthly_state_AR,0.3227290221083277
Metformin 500 mg tablet,10,model_external_state_feature_consumer_price_index_all_items_seasonal_anomaly_monthly_natio,0.31974397182678727
Metformin 500 mg tablet,11,model_external_state_feature_national_unemployment_rate_rolling_std_12_monthly_national_US,0.30985179412051633
Metformin 500 mg tablet,12,model_external_state_feature_dual_eligible_rate_annual_national_US,0.302692953709671
Metformin 500 mg tablet,13,model_external_state_feature_post_acute_utilization_annual_national_US,0.3026929537096706
Metformin 500 mg tablet,14,model_external_state_feature_medicare_beneficiary_count_annual_national_US,0.30269295370967036
Metformin 500 mg tablet,15,model_external_state_feature_outpatient_utilization_annual_national_US,0.3026929537096703
Naloxone 4 mg nasal spray,1,model_external_state_feature_arkansas_unemployment_rate_monthly_state_AR,-0.3743579965440967
Naloxone 4 mg nasal spray,2,model_external_state_feature_arkansas_unemployment_rate_change_4_monthly_state_AR,-0.35562188387504634
Naloxone 4 mg nasal spray,3,model_external_state_feature_consumer_price_index_all_items_rolling_std_4_monthly_national,0.33589769724633517
Naloxone 4 mg nasal spray,4,model_external_state_feature_arkansas_unemployment_rate_lag_12_monthly_state_AR,-0.32270346270685973
Naloxone 4 mg nasal spray,5,model_external_state_feature_consumer_price_index_all_items_change_4_monthly_national_US,0.26259198088534963
Naloxone 4 mg nasal spray,6,model_external_state_feature_arkansas_unemployment_rate_rolling_std_4_monthly_state_AR,-0.2541552844635296
Naloxone 4 mg nasal spray,7,model_external_state_feature_arkansas_unemployment_rate_seasonal_anomaly_monthly_state_AR,-0.23760885775810858
Naloxone 4 mg nasal spray,8,model_external_state_feature_arkansas_unemployment_rate_lag_1_monthly_state_AR,-0.2277106063556836
Naloxone 4 mg nasal spray,9,model_external_state_feature_consumer_price_index_all_items_change_12_monthly_national_US,0.22108886760443852
Naloxone 4 mg nasal spray,10,model_external_state_feature_national_unemployment_rate_change_1_monthly_national_US,-0.20175335660165294
Naloxone 4 mg nasal spray,11,model_news_output_arkansas_anti_infective_national_policy_monthly_state_AR,-0.19851515314606447
Naloxone 4 mg nasal spray,12,model_external_state_feature_consumer_price_index_all_items_lag_4_monthly_national_US,-0.1944738759372127
Naloxone 4 mg nasal spray,13,model_external_state_feature_arkansas_unemployment_rate_seasonal_baseline_monthly_state_AR,-0.18367473770865195
Naloxone 4 mg nasal spray,14,model_external_state_feature_arkansas_unemployment_rate_rolling_std_12_monthly_state_AR,0.18296456972844036
Naloxone 4 mg nasal spray,15,model_external_state_feature_national_unemployment_rate_seasonal_anomaly_monthly_national_,-0.16659471223166755
Naproxen 500 mg tablet,1,model_news_output_national_supply_chain_risk_monthly_state_AR,0.742755662089502
Naproxen 500 mg tablet,2,model_news_output_national_supply_stage_direction_monthly_state_AR,0.742755662089502
Naproxen 500 mg tablet,3,model_news_output_arkansas_anti_infective_national_supply_monthly_state_AR,0.7275993385733956
Naproxen 500 mg tablet,4,model_external_state_feature_national_unemployment_rate_rolling_std_4_monthly_national_US,0.656104746276236
Naproxen 500 mg tablet,5,model_news_output_arkansas_anesthesia_supply_chain_monthly_state_AR,0.6448754239669457
Naproxen 500 mg tablet,6,model_news_output_arkansas_antiinfective_anesthesia_supply_monthly_state_AR,0.6363814042289132
Naproxen 500 mg tablet,7,model_news_output_arkansas_anti_infective_supply_chain_monthly_state_AR,0.6215829858265013
Naproxen 500 mg tablet,8,model_news_output_arkansas_anti_infective_supply_policy_pressure_monthly_state_AR,0.6193290330361094
Naproxen 500 mg tablet,9,model_news_output_arkansas_anti_infective_anesthesia_policy_monthly_state_AR,0.6187608054055383
Naproxen 500 mg tablet,10,model_news_output_arkansas_anti_infective_national_policy_monthly_state_AR,0.6122323465207299
Naproxen 500 mg tablet,11,model_external_state_feature_consumer_price_index_all_items_rolling_std_4_monthly_national,-0.5362611276504137
Naproxen 500 mg tablet,12,model_external_state_feature_national_unemployment_rate_lag_1_monthly_national_US,0.5110003678199642
Naproxen 500 mg tablet,13,model_news_output_arkansas_anti_infective_national_demand_monthly_state_AR,0.5074430824599961
Naproxen 500 mg tablet,14,model_external_state_feature_arkansas_unemployment_rate_seasonal_anomaly_monthly_state_AR,0.5051082047125627
Naproxen 500 mg tablet,15,model_external_state_feature_consumer_price_index_all_items_change_4_monthly_national_US,-0.4935667185115929
Nirmatrelvir/ritonavir 300/100 mg pack,1,model_news_output_arkansas_anti_infective_national_supply_monthly_state_AR,0.6558854429064809
Nirmatrelvir/ritonavir 300/100 mg pack,2,model_news_output_national_supply_chain_risk_monthly_state_AR,0.6529566073582493
Nirmatrelvir/ritonavir 300/100 mg pack,3,model_news_output_national_supply_stage_direction_monthly_state_AR,0.6529566073582493
Nirmatrelvir/ritonavir 300/100 mg pack,4,model_news_output_arkansas_anesthesia_supply_chain_monthly_state_AR,0.6133859676512874
Nirmatrelvir/ritonavir 300/100 mg pack,5,model_news_output_arkansas_antiinfective_anesthesia_supply_monthly_state_AR,0.608514285576314
Nirmatrelvir/ritonavir 300/100 mg pack,6,model_news_output_arkansas_anti_infective_national_policy_monthly_state_AR,0.605782772538596
Nirmatrelvir/ritonavir 300/100 mg pack,7,model_news_output_arkansas_anti_infective_supply_chain_monthly_state_AR,0.5976615114904841
Nirmatrelvir/ritonavir 300/100 mg pack,8,model_news_output_arkansas_anti_infective_supply_policy_pressure_monthly_state_AR,0.5970315593991172
Nirmatrelvir/ritonavir 300/100 mg pack,9,model_news_output_arkansas_anti_infective_anesthesia_policy_monthly_state_AR,0.5955894916557536
Nirmatrelvir/ritonavir 300/100 mg pack,10,model_external_state_feature_consumer_price_index_all_items_rolling_std_4_monthly_national,-0.5866890027933829
Nirmatrelvir/ritonavir 300/100 mg pack,11,model_external_state_feature_national_unemployment_rate_rolling_std_4_monthly_national_US,0.5660761268422525
Nirmatrelvir/ritonavir 300/100 mg pack,12,model_external_state_feature_consumer_price_index_all_items_change_4_monthly_national_US,-0.4987449835411415
Nirmatrelvir/ritonavir 300/100 mg pack,13,model_news_output_arkansas_anti_infective_national_demand_monthly_state_AR,0.4814027162353457
Nirmatrelvir/ritonavir 300/100 mg pack,14,model_news_output_arkansas_anesthesia_disruption_monthly_state_AR,0.4716274174256905
Nirmatrelvir/ritonavir 300/100 mg pack,15,model_news_output_arkansas_anti_infective_composite_burden_monthly_state_AR,0.46100304540261267
Omeprazole 20 mg capsule,1,model_external_state_feature_arkansas_unemployment_rate_lag_4_monthly_state_AR,-0.42505421097080587
Omeprazole 20 mg capsule,2,model_external_state_feature_arkansas_unemployment_rate_change_1_monthly_state_AR,-0.375493508339475
Omeprazole 20 mg capsule,3,model_external_state_feature_arkansas_unemployment_rate_rolling_std_12_monthly_state_AR,0.335290991388919
Omeprazole 20 mg capsule,4,model_external_state_feature_arkansas_unemployment_rate_rolling_std_4_monthly_state_AR,0.2600102025114821
Omeprazole 20 mg capsule,5,model_external_state_feature_national_unemployment_rate_change_1_monthly_national_US,-0.2561260450314288
Omeprazole 20 mg capsule,6,model_external_state_feature_national_unemployment_rate_rolling_std_4_monthly_national_US,0.2462092784648348
Omeprazole 20 mg capsule,7,model_external_state_feature_arkansas_unemployment_rate_change_12_monthly_state_AR,-0.22105353005734224
Omeprazole 20 mg capsule,8,model_external_state_feature_national_unemployment_rate_lag_4_monthly_national_US,-0.21736927733908146
Omeprazole 20 mg capsule,9,model_external_state_feature_medicare_beneficiary_count_annual_national_US,-0.21495321409464815
Omeprazole 20 mg capsule,10,model_external_state_feature_post_acute_utilization_annual_national_US,-0.21495321409464815
Omeprazole 20 mg capsule,11,model_external_state_feature_dual_eligible_rate_annual_national_US,-0.2149532140946481
Omeprazole 20 mg capsule,12,model_external_state_feature_outpatient_utilization_annual_national_US,-0.2149532140946479
Omeprazole 20 mg capsule,13,model_external_state_feature_inpatient_utilization_annual_national_US,-0.21495321409464785
Omeprazole 20 mg capsule,14,model_external_state_feature_medicare_advantage_participation_rate_annual_national_US,-0.21495321409464768
Omeprazole 20 mg capsule,15,model_external_state_feature_emergency_department_utilization_annual_national_US,-0.21495321409464763
Oseltamivir 75 mg capsule,1,model_external_state_feature_national_unemployment_rate_rolling_std_4_monthly_national_US,0.6360417638520962
Oseltamivir 75 mg capsule,2,model_news_output_national_supply_chain_risk_monthly_state_AR,0.610374265343463
Oseltamivir 75 mg capsule,3,model_news_output_national_supply_stage_direction_monthly_state_AR,0.610374265343463
Oseltamivir 75 mg capsule,4,model_news_output_arkansas_anti_infective_national_supply_monthly_state_AR,0.5754743588862411
Oseltamivir 75 mg capsule,5,model_external_state_feature_consumer_price_index_all_items_rolling_std_4_monthly_national,-0.5358741228016859
Oseltamivir 75 mg capsule,6,model_external_state_feature_consumer_price_index_all_items_change_4_monthly_national_US,-0.5237500211683408
Oseltamivir 75 mg capsule,7,model_external_state_feature_arkansas_unemployment_rate_seasonal_anomaly_monthly_state_AR,0.5203420693719034
Oseltamivir 75 mg capsule,8,model_external_state_feature_consumer_price_index_all_items_change_12_monthly_national_US,-0.5069250810986348
Oseltamivir 75 mg capsule,9,model_news_output_arkansas_anti_infective_national_policy_monthly_state_AR,0.5000947596111485
Oseltamivir 75 mg capsule,10,model_external_state_feature_national_unemployment_rate_lag_1_monthly_national_US,0.4744819729186951
Oseltamivir 75 mg capsule,11,model_external_state_feature_consumer_price_index_all_items_lag_4_monthly_national_US,0.47376810742281705
Oseltamivir 75 mg capsule,12,model_news_output_arkansas_anesthesia_supply_chain_monthly_state_AR,0.4603484944650523
Oseltamivir 75 mg capsule,13,model_news_output_arkansas_antiinfective_anesthesia_supply_monthly_state_AR,0.4524554314340358
Oseltamivir 75 mg capsule,14,model_news_output_arkansas_anti_infective_supply_chain_monthly_state_AR,0.44005311388371887
Oseltamivir 75 mg capsule,15,model_news_output_arkansas_anti_infective_supply_policy_pressure_monthly_state_AR,0.4393184646613265
Prednisone 20 mg tablet,1,model_news_output_national_supply_chain_risk_monthly_state_AR,0.7203430094126461
Prednisone 20 mg tablet,2,model_news_output_national_supply_stage_direction_monthly_state_AR,0.7203430094126461
Prednisone 20 mg tablet,3,model_news_output_arkansas_anti_infective_national_supply_monthly_state_AR,0.6844905140351523
Prednisone 20 mg tablet,4,model_external_state_feature_national_unemployment_rate_rolling_std_4_monthly_national_US,0.6769087426634949
Prednisone 20 mg tablet,5,model_news_output_arkansas_anti_infective_national_policy_monthly_state_AR,0.6115941785060485
Prednisone 20 mg tablet,6,model_news_output_arkansas_anesthesia_supply_chain_monthly_state_AR,0.5610020558423924
Prednisone 20 mg tablet,7,model_news_output_arkansas_antiinfective_anesthesia_supply_monthly_state_AR,0.5513247589018806
Prednisone 20 mg tablet,8,model_external_state_feature_consumer_price_index_all_items_rolling_std_4_monthly_national,-0.5477039492386075
Prednisone 20 mg tablet,9,model_news_output_arkansas_anti_infective_supply_chain_monthly_state_AR,0.5361519932674479
Prednisone 20 mg tablet,10,model_news_output_arkansas_anti_infective_supply_policy_pressure_monthly_state_AR,0.5345373229108031
Prednisone 20 mg tablet,11,model_news_output_arkansas_anti_infective_anesthesia_policy_monthly_state_AR,0.5335283721077103
Prednisone 20 mg tablet,12,model_external_state_feature_consumer_price_index_all_items_change_4_monthly_national_US,-0.5202139668898099
Prednisone 20 mg tablet,13,model_external_state_feature_arkansas_unemployment_rate_seasonal_anomaly_monthly_state_AR,0.5078570110418362
Prednisone 20 mg tablet,14,model_external_state_feature_national_unemployment_rate_lag_1_monthly_national_US,0.4750891258143633
Prednisone 20 mg tablet,15,model_external_state_feature_consumer_price_index_all_items_lag_4_monthly_national_US,0.45058406045943866
Semaglutide 0.25/0.5 mg pen,1,model_external_state_feature_dual_eligible_rate_annual_national_US,0.31944321169692186
Semaglutide 0.25/0.5 mg pen,2,model_external_state_feature_emergency_department_utilization_annual_national_US,0.3194432116969212
Semaglutide 0.25/0.5 mg pen,3,model_external_state_feature_outpatient_utilization_annual_national_US,0.3194432116969212
Semaglutide 0.25/0.5 mg pen,4,model_external_state_feature_medicare_advantage_participation_rate_annual_national_US,0.31944321169692114
Semaglutide 0.25/0.5 mg pen,5,model_external_state_feature_post_acute_utilization_annual_national_US,0.31944321169692086
Semaglutide 0.25/0.5 mg pen,6,model_external_state_feature_inpatient_utilization_annual_national_US,0.31944321169692025
Semaglutide 0.25/0.5 mg pen,7,model_external_state_feature_medicare_beneficiary_count_annual_national_US,0.31944321169692014
Semaglutide 0.25/0.5 mg pen,8,model_external_state_feature_home_health_utilization_annual_national_US,0.3194432116969201
Semaglutide 0.25/0.5 mg pen,9,model_external_state_feature_medicare_per_capita_spending_annual_national_US,0.3194432116969191
Semaglutide 0.25/0.5 mg pen,10,model_external_state_feature_consumer_price_index_all_items_seasonal_anomaly_monthly_natio,0.2845530709803358
Semaglutide 0.25/0.5 mg pen,11,model_external_state_feature_consumer_price_index_all_items_rolling_mean_12_monthly_nation,0.27332609748889564
Semaglutide 0.25/0.5 mg pen,12,model_external_state_feature_arkansas_unemployment_rate_lag_4_monthly_state_AR,0.27319970790405784
Semaglutide 0.25/0.5 mg pen,13,model_external_state_feature_consumer_price_index_all_items_monthly_national_US,0.2713554675336159
Semaglutide 0.25/0.5 mg pen,14,model_external_state_feature_medicaid_enrollment_monthly_state_AR,-0.2685988281185499
Semaglutide 0.25/0.5 mg pen,15,model_external_state_feature_medicaid_chip_total_enrollment_monthly_state_AR,-0.2685988281185493
Sertraline 50 mg tablet,1,model_external_state_feature_national_unemployment_rate_rolling_std_12_monthly_national_US,0.22712065251174532
Sertraline 50 mg tablet,2,model_external_state_feature_arkansas_unemployment_rate_lag_1_monthly_state_AR,0.18465125183722658
Sertraline 50 mg tablet,3,model_external_state_feature_arkansas_unemployment_rate_rolling_mean_12_monthly_state_AR,0.18081574209581097
Sertraline 50 mg tablet,4,model_external_state_feature_dual_eligible_rate_annual_national_US,0.18008469490572906
Sertraline 50 mg tablet,5,model_external_state_feature_post_acute_utilization_annual_national_US,0.1800846949057287
Sertraline 50 mg tablet,6,model_external_state_feature_medicare_beneficiary_count_annual_national_US,0.18008469490572868
Sertraline 50 mg tablet,7,model_external_state_feature_emergency_department_utilization_annual_national_US,0.18008469490572845
Sertraline 50 mg tablet,8,model_external_state_feature_inpatient_utilization_annual_national_US,0.18008469490572826
Sertraline 50 mg tablet,9,model_external_state_feature_outpatient_utilization_annual_national_US,0.18008469490572826
Sertraline 50 mg tablet,10,model_external_state_feature_medicare_advantage_participation_rate_annual_national_US,0.18008469490572823
Sertraline 50 mg tablet,11,model_external_state_feature_home_health_utilization_annual_national_US,0.18008469490572818
Sertraline 50 mg tablet,12,model_external_state_feature_medicare_per_capita_spending_annual_national_US,0.180084694905728
Sertraline 50 mg tablet,13,model_external_state_feature_national_unemployment_rate_rolling_mean_4_monthly_national_US,0.16297464054737773
Sertraline 50 mg tablet,14,model_external_state_feature_national_unemployment_rate_rolling_mean_12_monthly_national_U,0.1600687333685812
Sertraline 50 mg tablet,15,model_external_state_feature_national_unemployment_rate_lag_4_monthly_national_US,0.1591968676372018
Simvastatin 40 mg tablet,1,model_external_state_feature_national_unemployment_rate_lag_1_monthly_national_US,0.3999924402640505
Simvastatin 40 mg tablet,2,model_external_state_feature_national_unemployment_rate_rolling_mean_12_monthly_national_U,0.3871421958137917
Simvastatin 40 mg tablet,3,model_external_state_feature_national_unemployment_rate_rolling_mean_4_monthly_national_US,0.3812541387216603
Simvastatin 40 mg tablet,4,model_news_output_national_supply_chain_risk_monthly_state_AR,0.3528079371745794
Simvastatin 40 mg tablet,5,model_news_output_national_supply_stage_direction_monthly_state_AR,0.3528079371745794
Simvastatin 40 mg tablet,6,model_news_output_arkansas_anti_infective_national_supply_monthly_state_AR,0.3524647260366718
Simvastatin 40 mg tablet,7,model_external_state_feature_arkansas_unemployment_rate_rolling_mean_12_monthly_state_AR,0.34442440616127346
Simvastatin 40 mg tablet,8,model_news_output_arkansas_anti_infective_national_demand_monthly_state_AR,0.3397420972044559
Simvastatin 40 mg tablet,9,model_news_output_arkansas_anesthesia_supply_chain_monthly_state_AR,0.3309859753551116
Simvastatin 40 mg tablet,10,model_news_output_arkansas_antiinfective_anesthesia_supply_monthly_state_AR,0.3255439247756501
Simvastatin 40 mg tablet,11,model_news_output_arkansas_anti_infective_supply_policy_pressure_monthly_state_AR,0.32173672198583936
Simvastatin 40 mg tablet,12,model_news_output_arkansas_anesthesia_disruption_monthly_state_AR,0.3172328467807356
Simvastatin 40 mg tablet,13,model_news_output_arkansas_anti_infective_supply_chain_monthly_state_AR,0.3168608881941464
Simvastatin 40 mg tablet,14,model_news_output_arkansas_anti_infective_anesthesia_policy_monthly_state_AR,0.3129676849315165
Simvastatin 40 mg tablet,15,model_external_state_feature_national_unemployment_rate_lag_4_monthly_national_US,0.30872259668893703
