medication_id,medication_name,medication_category,current_inventory,reorder_point,max_capacity,prescription_volume_30d,avg_weekly_demand,demand_trend,supplier_id,supplier_lead_time_days,supplier_reliability_score,historical_shortage_count,days_since_last_shortage,avg_stockout_duration_days,risk_label
MED97AA68,Gabapentin 600mg,neurological,183.0,782.0,869.0,1130.0,311.0,0.51,SUP137,25.0,0.591,2,18.0,2.8,1
MED1F0811,Codeine/Guaifenesin,respiratory,2206.0,538.0,2224.0,1987.0,355.0,0.14,SUP127,27.0,0.479,6,63.0,6.5,1
MEDFBFC58,Infliximab 100mg,immunological,842.0,593.0,937.0,1274.0,196.0,0.51,SUP157,25.0,0.403,4,88.0,1.2,1
MEDA5AFD9,Divalproex ER 500mg,psychiatric,346.0,464.0,783.0,2057.0,295.0,-0.31,SUP144,11.0,0.473,1,68.0,18.3,1
MED556231,Amiodarone 200mg,cardiovascular,87.0,486.0,1345.0,437.0,211.0,0.62,SUP109,19.0,0.475,5,55.0,2.3,1
MEDE2C97D,Cisplatin 50mg,oncology,1843.0,675.0,1942.0,1780.0,270.0,-0.11,SUP146,44.0,0.298,9,60.0,4.2,1
MED79C665,Sucralfate 1g,gastrointestinal,164.0,1275.0,934.0,1961.0,371.0,0.38,SUP130,16.0,0.589,3,119.0,2.9,1
MED7EDCBB,Carboplatin 150mg,oncology,5.0,40.0,201.0,98.0,19.0,0.61,SUP147,42.0,0.374,7,88.0,7.6,1
MED7F8056,Amiodarone 200mg,cardiovascular,585.0,128.0,2638.0,256.0,49.0,0.11,SUP109,14.0,0.591,3,1.0,1.4,0
MEDC178F6,Pioglitazone 30mg,diabetes,1612.0,135.0,1710.0,430.0,107.0,-0.01,SUP116,4.0,0.735,5,57.0,43.0,0
MEDFC0387,Valproic Acid 250mg,neurological,975.0,474.0,1499.0,988.0,360.0,-0.23,SUP135,11.0,0.568,5,95.0,10.3,1
MED88F297,Cyclosporine 100mg,immunological,509.0,312.0,2540.0,671.0,214.0,0.59,SUP154,35.0,0.488,5,19.0,12.0,1
MEDDA0885,Dulaglutide 1.5mg,diabetes,574.0,274.0,646.0,733.0,111.0,-0.13,SUP115,37.0,0.491,6,103.0,1.9,1
MED78C4B7,Epinephrine 1mg/mL,respiratory,1389.0,137.0,1531.0,456.0,100.0,0.35,SUP124,27.0,0.359,7,37.0,12.7,0
MED8E3CB2,Vancomycin 1g,antibiotic,408.0,542.0,936.0,1238.0,198.0,0.63,SUP103,17.0,0.641,6,104.0,2.0,1
MED72FBE8,Carbamazepine 400mg,neurological,742.0,61.0,2238.0,294.0,52.0,0.63,SUP136,13.0,0.52,2,93.0,7.0,0
MED522C53,Clozapine 100mg,psychiatric,462.0,1678.0,1325.0,2154.0,340.0,-0.13,SUP140,38.0,0.486,4,40.0,2.3,1
MED86C789,Sucralfate 1g,gastrointestinal,2914.0,861.0,2964.0,1485.0,350.0,-0.36,SUP130,14.0,0.653,1,38.0,21.1,0
MED446D7B,Amiodarone 200mg,cardiovascular,142.0,651.0,1774.0,572.0,136.0,0.08,SUP109,20.0,0.615,5,117.0,3.2,1
MED2CD59B,Mesalamine 400mg,gastrointestinal,1051.0,290.0,2234.0,288.0,70.0,0.39,SUP132,18.0,0.636,4,53.0,4.0,0
MEDA27CE2,Cyclosporine 100mg,immunological,901.0,398.0,1206.0,786.0,199.0,0.35,SUP154,42.0,0.385,7,44.0,1.0,1
MEDD798D9,Ondansetron ODT 4mg,gastrointestinal,1209.0,383.0,2782.0,1284.0,186.0,0.58,SUP129,14.0,0.489,2,86.0,0.7,0
MED85A0FF,Codeine/Guaifenesin,respiratory,1672.0,563.0,2942.0,599.0,123.0,-0.01,SUP127,33.0,0.468,11,85.0,0.9,1
MEDDBC885,Diltiazem 120mg,cardiovascular,5.0,375.0,2228.0,533.0,108.0,-0.29,SUP110,2.0,0.729,4,87.0,4.2,0
MED530053,Pioglitazone 30mg,diabetes,540.0,493.0,1869.0,646.0,110.0,0.38,SUP116,12.0,0.751,4,60.0,8.7,0
MED06A0BC,Infliximab 100mg,immunological,42.0,160.0,1227.0,528.0,107.0,0.65,SUP157,27.0,0.334,6,10.0,4.2,1
MEDD0963C,Ceftriaxone 1g,antibiotic,1141.0,835.0,1277.0,1115.0,194.0,0.44,SUP104,17.0,0.667,7,76.0,6.3,0
MED2526E5,Colchicine 0.6mg,analgesic,406.0,630.0,460.0,1268.0,226.0,-0.12,SUP123,28.0,0.501,4,102.0,3.8,1
MED9265F2,Haloperidol 5mg,psychiatric,457.0,270.0,576.0,356.0,71.0,0.67,SUP141,27.0,0.456,7,72.0,26.6,1
MEDC38B0D,Semaglutide 0.25mg,diabetes,560.0,348.0,1074.0,613.0,111.0,0.37,SUP115,29.0,0.489,2,24.0,0.0,1
MED75EDC7,Bupropion XL 300mg,psychiatric,694.0,324.0,2613.0,1584.0,248.0,0.5,SUP143,15.0,0.589,4,31.0,5.9,0
MED4D7F49,Methotrexate 25mg/mL,oncology,505.0,246.0,520.0,689.0,173.0,0.65,SUP145,13.0,0.313,8,84.0,10.4,1
MED24C543,Infliximab 100mg,immunological,24.0,1522.0,1177.0,1311.0,329.0,0.25,SUP157,47.0,0.398,5,53.0,2.1,1
MED7A0FDE,Pioglitazone 30mg,diabetes,9.0,67.0,244.0,285.0,55.0,0.2,SUP116,12.0,0.878,1,66.0,57.3,0
MEDF0C6F2,Ipratropium Nebulizer,respiratory,1424.0,140.0,1848.0,126.0,34.0,-0.15,SUP125,20.0,0.409,9,104.0,3.8,1
MEDF6215E,Clozapine 100mg,psychiatric,747.0,218.0,1167.0,865.0,146.0,0.53,SUP140,41.0,0.451,6,118.0,6.1,1
MEDB892C6,Carboplatin 150mg,oncology,2673.0,733.0,2924.0,455.0,186.0,0.44,SUP147,28.0,0.355,4,96.0,10.5,1
MED989D86,Insulin Glargine 300U/mL,diabetes,88.0,351.0,665.0,1618.0,284.0,-0.29,SUP114,24.0,0.36,8,83.0,12.3,1
MED892F9C,Sucralfate 1g,gastrointestinal,2503.0,645.0,2568.0,1328.0,316.0,0.11,SUP130,4.0,0.656,4,99.0,1.1,0
MED578872,Mesalamine 400mg,gastrointestinal,183.0,275.0,820.0,474.0,162.0,0.05,SUP132,10.0,0.582,5,64.0,2.3,1
MEDDDB9BC,Methotrexate 25mg/mL,oncology,938.0,895.0,996.0,1206.0,197.0,0.33,SUP145,24.0,0.503,4,13.0,9.1,1
MED470003,Meloxicam 15mg,analgesic,1623.0,1613.0,1868.0,2550.0,380.0,-0.26,SUP121,15.0,0.702,6,114.0,1.3,0
MED124ADF,Insulin Glargine 300U/mL,diabetes,518.0,516.0,1868.0,995.0,196.0,0.65,SUP114,18.0,0.398,8,6.0,11.0,1
MED16C055,Vancomycin 1g,antibiotic,11.0,218.0,700.0,428.0,72.0,0.53,SUP103,16.0,0.53,5,38.0,5.2,1
MED9000E8,Chlorpromazine 50mg,psychiatric,181.0,25.0,346.0,70.0,15.0,0.45,SUP142,7.0,0.506,4,109.0,16.0,0
MEDBD68AC,Ondansetron ODT 4mg,gastrointestinal,1249.0,375.0,1592.0,847.0,143.0,0.48,SUP129,24.0,0.526,3,20.0,13.4,1
MED138A77,Vancomycin 1g,antibiotic,1049.0,951.0,1686.0,904.0,219.0,0.33,SUP103,14.0,0.613,5,23.0,21.4,0
MEDB0447F,Meropenem 1g,antibiotic,532.0,671.0,1040.0,1833.0,336.0,-0.09,SUP102,19.0,0.485,4,13.0,0.4,1
MED47DA1B,Tacrolimus 5mg,immunological,184.0,225.0,877.0,175.0,72.0,0.18,SUP153,27.0,0.448,4,113.0,31.0,1
MEDE20CDA,Azathioprine 50mg,immunological,659.0,7.0,659.0,28.0,6.0,0.06,SUP156,24.0,0.568,4,51.0,5.1,1
MEDCB67F3,Lithium Carbonate 300mg,psychiatric,238.0,1005.0,728.0,1502.0,306.0,-0.04,SUP139,25.0,0.491,4,17.0,17.2,1
MEDC81D44,Tacrolimus 5mg,immunological,327.0,738.0,1563.0,1697.0,262.0,0.07,SUP153,35.0,0.395,7,63.0,6.5,1
MED84B3E2,Amiodarone 200mg,cardiovascular,710.0,176.0,2554.0,702.0,108.0,0.2,SUP109,23.0,0.61,4,95.0,9.5,0
MEDCA8989,Glipizide ER 10mg,diabetes,1056.0,434.0,1100.0,589.0,90.0,-0.22,SUP117,11.0,0.599,2,65.0,0.1,0
MED427A6C,Cisplatin 50mg,oncology,537.0,360.0,1011.0,687.0,128.0,-0.1,SUP146,31.0,0.349,5,51.0,4.2,1
MED4CE90E,Heparin 5000U/mL,cardiovascular,684.0,677.0,1076.0,533.0,170.0,-0.29,SUP108,21.0,0.44,3,13.0,3.8,1
MED9995B0,Piperacillin-Tazobactam 3.375g,antibiotic,645.0,84.0,1838.0,84.0,36.0,0.53,SUP101,23.0,0.51,3,85.0,16.4,1
MED7CCE88,Dexamethasone 4mg,respiratory,67.0,116.0,91.0,132.0,41.0,0.16,SUP126,15.0,0.533,9,93.0,0.9,1
MED55120A,Semaglutide 0.25mg,diabetes,1426.0,233.0,1644.0,425.0,77.0,0.24,SUP115,41.0,0.35,7,34.0,5.0,1
MEDA810F1,Piperacillin-Tazobactam 3.375g,antibiotic,289.0,434.0,1503.0,326.0,123.0,0.26,SUP101,19.0,0.471,7,107.0,0.9,1
MEDA3C748,Vancomycin 1g,antibiotic,501.0,748.0,1352.0,551.0,197.0,0.09,SUP103,19.0,0.584,4,100.0,10.3,1
MED219B2E,Meropenem 1g,antibiotic,351.0,435.0,917.0,498.0,118.0,0.69,SUP102,36.0,0.626,3,98.0,26.8,1
MED59A58D,Ceftriaxone 1g,antibiotic,446.0,255.0,516.0,1054.0,173.0,0.65,SUP104,20.0,0.546,8,109.0,0.1,1
MEDCF58D3,Mesalamine 400mg,gastrointestinal,769.0,1435.0,1785.0,1900.0,290.0,0.61,SUP132,10.0,0.463,4,34.0,16.5,1
MEDC1E1A2,Ondansetron ODT 4mg,gastrointestinal,498.0,407.0,1169.0,620.0,276.0,-0.33,SUP129,20.0,0.512,3,29.0,15.0,0
MEDC15A39,Tacrolimus 5mg,immunological,497.0,379.0,1159.0,776.0,162.0,0.03,SUP153,33.0,0.356,7,86.0,5.9,1
MED144593,Clindamycin 300mg,antibiotic,785.0,75.0,1122.0,276.0,44.0,0.55,SUP105,12.0,0.666,5,3.0,39.7,0
MED0DF4CD,Chlorpromazine 50mg,psychiatric,481.0,481.0,1364.0,1116.0,265.0,0.47,SUP142,17.0,0.599,3,51.0,20.0,0
MED3386C3,Diltiazem 120mg,cardiovascular,1003.0,583.0,1195.0,648.0,237.0,0.11,SUP110,8.0,0.601,7,90.0,48.0,1
MED1CFECF,Tacrolimus 5mg,immunological,1679.0,169.0,2647.0,358.0,71.0,-0.21,SUP153,29.0,0.432,6,114.0,11.0,1
MEDC2F495,Infliximab 100mg,immunological,15.0,16.0,122.0,18.0,6.0,-0.12,SUP157,28.0,0.322,4,27.0,20.9,1
MED2A38FC,Nitroglycerin 0.4mg SL,cardiovascular,375.0,289.0,1810.0,1009.0,151.0,0.6,SUP107,25.0,0.551,6,37.0,1.5,1
MEDA7C926,Phenytoin 100mg,neurological,857.0,296.0,1318.0,521.0,99.0,0.59,SUP134,22.0,0.552,2,13.0,7.9,1
MED8BF75A,Doxorubicin 50mg,oncology,324.0,938.0,1074.0,2244.0,377.0,0.51,SUP149,45.0,0.292,12,16.0,4.5,0
MEDA644CB,Tacrolimus 5mg,immunological,801.0,378.0,1077.0,1089.0,247.0,0.09,SUP153,32.0,0.609,2,77.0,37.3,0
MEDC613B7,Doxorubicin 50mg,oncology,1024.0,393.0,1884.0,917.0,134.0,0.21,SUP149,34.0,0.261,8,24.0,16.1,1
MEDEB1C35,Insulin Glargine 300U/mL,diabetes,263.0,1295.0,1398.0,1002.0,266.0,0.49,SUP114,22.0,0.37,7,79.0,10.9,1
MED9B5729,Cisplatin 50mg,oncology,445.0,585.0,978.0,1751.0,289.0,0.58,SUP146,31.0,0.393,13,1.0,0.6,1
MED566876,Acetazolamide 250mg,neurological,216.0,9.0,387.0,41.0,7.0,0.19,SUP138,28.0,0.599,3,59.0,0.4,1
MED19708A,Meropenem 1g,antibiotic,123.0,508.0,410.0,602.0,203.0,-0.04,SUP102,30.0,0.506,7,15.0,12.1,1
MED5F70C1,Dexamethasone 4mg,respiratory,692.0,678.0,759.0,760.0,289.0,0.48,SUP126,21.0,0.517,3,79.0,5.0,1
MEDAFBCDA,Meropenem 1g,antibiotic,685.0,728.0,1269.0,511.0,212.0,0.18,SUP102,34.0,0.546,6,57.0,1.7,1
MED0F9E03,Codeine/Guaifenesin,respiratory,1431.0,766.0,2271.0,1352.0,320.0,0.24,SUP127,19.0,0.562,7,17.0,2.1,1
MED4443D8,Octreotide 100mcg/mL,gastrointestinal,854.0,538.0,2807.0,781.0,123.0,0.5,SUP133,21.0,0.41,1,78.0,3.2,1
MEDE4247C,Clozapine 100mg,psychiatric,2283.0,362.0,2522.0,1109.0,182.0,0.38,SUP140,40.0,0.463,5,67.0,1.5,1
MEDA9A46B,Doxorubicin 50mg,oncology,88.0,10.0,134.0,16.0,6.0,0.15,SUP149,41.0,0.215,11,56.0,5.9,1
MED1B2C3C,Vincristine 1mg,oncology,1199.0,1033.0,2809.0,934.0,290.0,-0.11,SUP150,68.0,0.156,17,71.0,8.6,1
MED7CBF37,Hydralazine 25mg,cardiovascular,134.0,507.0,2299.0,745.0,156.0,-0.33,SUP111,8.0,0.82,1,26.0,12.3,0
MEDD18F53,Meropenem 1g,antibiotic,1944.0,152.0,2625.0,323.0,52.0,0.05,SUP102,34.0,0.515,4,112.0,16.9,1
MED42628F,Carbamazepine 400mg,neurological,1545.0,863.0,2475.0,881.0,333.0,0.29,SUP136,19.0,0.511,0,134.0,0.0,0
MED9589A2,Sucralfate 1g,gastrointestinal,50.0,74.0,308.0,332.0,72.0,-0.4,SUP130,11.0,0.618,6,50.0,16.3,1
MED172E60,Meloxicam 15mg,analgesic,282.0,570.0,558.0,438.0,153.0,0.55,SUP121,8.0,0.652,6,18.0,9.4,1
MED92A440,Semaglutide 0.25mg,diabetes,110.0,1465.0,2923.0,1726.0,343.0,0.09,SUP115,39.0,0.314,10,69.0,8.8,1
MED728298,Ketorolac 30mg/mL,analgesic,525.0,829.0,2194.0,1195.0,287.0,0.59,SUP120,21.0,0.584,5,56.0,0.5,1
MED29773E,Spironolactone 25mg,cardiovascular,1007.0,49.0,1465.0,101.0,20.0,0.23,SUP112,7.0,0.76,0,363.0,0.0,0
MEDBE52CD,Ipratropium Nebulizer,respiratory,519.0,82.0,2128.0,151.0,24.0,0.3,SUP125,20.0,0.387,5,102.0,6.3,1
MEDEF36E1,Octreotide 100mcg/mL,gastrointestinal,548.0,227.0,578.0,438.0,186.0,0.45,SUP133,27.0,0.485,2,2.0,0.8,1
MEDB68B57,Ceftriaxone 1g,antibiotic,537.0,1272.0,879.0,1685.0,334.0,0.16,SUP104,17.0,0.6,4,82.0,10.5,1
MED448FC6,Diclofenac 75mg,analgesic,56.0,161.0,232.0,491.0,82.0,0.43,SUP122,8.0,0.63,2,56.0,8.3,0
MED0D8384,Pioglitazone 30mg,diabetes,1708.0,173.0,1924.0,1043.0,152.0,-0.3,SUP116,10.0,0.612,1,105.0,14.7,1
MED3E8AE6,Levofloxacin 500mg,antibiotic,145.0,136.0,183.0,167.0,36.0,0.12,SUP106,11.0,0.589,3,98.0,7.2,0
MED329CAB,Semaglutide 0.25mg,diabetes,612.0,890.0,2400.0,398.0,183.0,0.59,SUP115,41.0,0.376,5,101.0,15.7,1
MEDE6348E,Octreotide 100mcg/mL,gastrointestinal,424.0,886.0,872.0,1055.0,346.0,0.26,SUP133,54.0,0.443,6,66.0,7.9,1
MED8D3B02,Amiodarone 200mg,cardiovascular,1066.0,836.0,2946.0,1053.0,216.0,0.01,SUP109,12.0,0.536,9,62.0,12.5,0
MED40471F,Insulin Aspart 100U/mL,diabetes,949.0,310.0,2926.0,284.0,133.0,-0.07,SUP113,19.0,0.405,10,21.0,3.0,1
MED700403,Fentanyl Patch 25mcg/hr,analgesic,805.0,536.0,1097.0,748.0,169.0,0.21,SUP119,31.0,0.312,9,21.0,2.3,1
MED4EEBCA,Sucralfate 1g,gastrointestinal,70.0,43.0,74.0,87.0,14.0,-0.34,SUP130,13.0,0.566,6,36.0,6.3,1
MED83A41E,Divalproex ER 500mg,psychiatric,1293.0,742.0,1354.0,1429.0,379.0,0.41,SUP144,26.0,0.496,4,73.0,0.3,1
MED5454E0,Tacrolimus 5mg,immunological,628.0,1023.0,2111.0,1374.0,209.0,0.41,SUP153,26.0,0.502,3,28.0,0.4,1
MED1448A7,Carbamazepine 400mg,neurological,647.0,949.0,1784.0,995.0,277.0,0.54,SUP136,16.0,0.461,4,91.0,6.4,1
MED523FDD,Diclofenac 75mg,analgesic,320.0,452.0,1063.0,1133.0,202.0,0.61,SUP122,8.0,0.692,2,53.0,6.9,0
MEDE5E3CB,Fentanyl Patch 25mcg/hr,analgesic,30.0,237.0,380.0,132.0,52.0,0.02,SUP119,38.0,0.371,8,12.0,11.9,1
MED6CBAB0,Valproic Acid 250mg,neurological,694.0,746.0,1122.0,472.0,229.0,0.26,SUP135,29.0,0.522,5,24.0,5.8,1
MEDD94841,Acetazolamide 250mg,neurological,1306.0,510.0,2688.0,799.0,227.0,0.43,SUP138,19.0,0.422,8,80.0,8.9,1
MED902D0B,Bupropion XL 300mg,psychiatric,278.0,1348.0,1583.0,1625.0,358.0,-0.02,SUP143,22.0,0.641,4,60.0,18.7,1
MED1804B0,Capecitabine 500mg,oncology,1228.0,1407.0,2495.0,1534.0,310.0,-0.38,SUP152,42.0,0.303,8,79.0,20.0,1
MEDA66D65,Amiodarone 200mg,cardiovascular,116.0,189.0,187.0,244.0,91.0,0.01,SUP109,31.0,0.599,5,45.0,0.2,1
MED9EF08A,Gabapentin 600mg,neurological,400.0,67.0,1337.0,101.0,35.0,0.64,SUP137,11.0,0.655,4,120.0,23.2,0
MEDC29A5A,Acetazolamide 250mg,neurological,8.0,20.0,51.0,24.0,8.0,-0.09,SUP138,11.0,0.494,5,29.0,0.6,1
MEDD29CAE,Epinephrine 1mg/mL,respiratory,123.0,454.0,1466.0,2302.0,366.0,0.26,SUP124,30.0,0.415,8,26.0,9.8,0
MEDC2FFC6,Meloxicam 15mg,analgesic,529.0,499.0,896.0,234.0,114.0,-0.26,SUP121,10.0,0.661,6,24.0,7.0,0
MEDA5D087,Haloperidol 5mg,psychiatric,691.0,431.0,1552.0,663.0,182.0,0.59,SUP141,15.0,0.418,10,3.0,4.0,1
MEDEE1B22,Heparin 5000U/mL,cardiovascular,874.0,128.0,2432.0,154.0,26.0,0.38,SUP108,15.0,0.33,8,118.0,0.6,1
MEDA212C4,Lactulose 10g/15mL,gastrointestinal,692.0,1331.0,812.0,1418.0,367.0,0.26,SUP131,12.0,0.605,6,84.0,3.1,1
MED0E6705,Divalproex ER 500mg,psychiatric,1923.0,13.0,2074.0,40.0,12.0,-0.24,SUP144,38.0,0.485,3,69.0,6.8,1
MEDDDD532,Ondansetron ODT 4mg,gastrointestinal,95.0,235.0,165.0,119.0,59.0,0.22,SUP129,22.0,0.572,4,23.0,16.3,1
MED0396E3,Octreotide 100mcg/mL,gastrointestinal,552.0,1005.0,1438.0,2223.0,350.0,0.3,SUP133,21.0,0.358,7,115.0,0.4,1
MED17A67E,Codeine/Guaifenesin,respiratory,236.0,945.0,735.0,1728.0,313.0,0.37,SUP127,28.0,0.534,1,11.0,0.1,1
MEDFA35BF,Lithium Carbonate 300mg,psychiatric,103.0,293.0,384.0,710.0,179.0,0.54,SUP139,1.0,0.435,5,50.0,9.8,1
MEDC2C28F,Colchicine 0.6mg,analgesic,271.0,96.0,1055.0,207.0,32.0,0.43,SUP123,19.0,0.489,4,51.0,6.0,0
MEDCF5275,Vancomycin 1g,antibiotic,772.0,239.0,1337.0,458.0,102.0,-0.17,SUP103,12.0,0.613,3,95.0,25.3,0
MED2093C4,Glipizide ER 10mg,diabetes,93.0,1692.0,2422.0,822.0,348.0,0.62,SUP117,10.0,0.763,5,20.0,0.8,0
MED8EF657,Mesalamine 400mg,gastrointestinal,140.0,108.0,643.0,236.0,35.0,-0.28,SUP132,26.0,0.511,6,46.0,6.1,1
MEDC2C3BF,Fentanyl Patch 25mcg/hr,analgesic,508.0,100.0,1029.0,182.0,36.0,0.7,SUP119,24.0,0.442,8,120.0,5.9,1
MEDC7470F,Tacrolimus 5mg,immunological,4.0,421.0,2343.0,492.0,95.0,0.39,SUP153,28.0,0.554,7,88.0,11.2,1
MEDFBC0F2,Chlorpromazine 50mg,psychiatric,1261.0,195.0,1523.0,261.0,76.0,0.4,SUP142,3.0,0.538,8,120.0,11.7,1
MED4ECB91,Capecitabine 500mg,oncology,402.0,675.0,1200.0,900.0,218.0,0.38,SUP152,31.0,0.366,6,114.0,2.5,1
MEDE0CE9A,Methotrexate 25mg/mL,oncology,1392.0,355.0,2978.0,442.0,116.0,-0.3,SUP145,40.0,0.438,8,13.0,19.8,1
MED1BF910,Meropenem 1g,antibiotic,69.0,140.0,178.0,171.0,30.0,-0.19,SUP102,20.0,0.452,6,2.0,7.1,1
MEDB17897,Insulin Aspart 100U/mL,diabetes,252.0,68.0,1069.0,115.0,49.0,0.41,SUP113,31.0,0.375,5,11.0,5.5,0
MEDFF5DD9,Dexamethasone 4mg,respiratory,911.0,291.0,1584.0,494.0,94.0,0.64,SUP126,11.0,0.532,8,7.0,6.7,1
MED10D266,Clozapine 100mg,psychiatric,1313.0,1187.0,2149.0,640.0,242.0,-0.25,SUP140,23.0,0.432,9,46.0,9.9,1
MED2DDC05,Dexamethasone 4mg,respiratory,886.0,111.0,2502.0,103.0,26.0,-0.37,SUP126,10.0,0.608,5,6.0,0.3,0
MED6C8DAA,Sucralfate 1g,gastrointestinal,453.0,520.0,2557.0,1621.0,244.0,0.62,SUP130,5.0,0.647,1,54.0,3.1,0
MED4E8A80,Nitroglycerin 0.4mg SL,cardiovascular,122.0,1062.0,719.0,876.0,251.0,-0.32,SUP107,28.0,0.451,3,26.0,3.0,1
MED53328F,Phenytoin 100mg,neurological,329.0,387.0,2458.0,493.0,140.0,0.2,SUP134,14.0,0.531,4,107.0,15.3,1
MED8A717B,Methotrexate 25mg/mL,oncology,1805.0,1565.0,2822.0,1569.0,320.0,-0.37,SUP145,57.0,0.331,6,80.0,10.3,1
MEDAEB19D,Mycophenolate 500mg,immunological,532.0,803.0,2175.0,1411.0,230.0,0.62,SUP155,24.0,0.358,6,69.0,9.2,1
MEDAE6F5E,Clozapine 100mg,psychiatric,445.0,592.0,2146.0,771.0,316.0,-0.03,SUP140,43.0,0.47,7,112.0,3.6,1
MEDE12F7A,Heparin 5000U/mL,cardiovascular,2163.0,189.0,2516.0,786.0,125.0,0.04,SUP108,32.0,0.368,3,75.0,0.7,1
MEDCBAE82,Epinephrine 1mg/mL,respiratory,380.0,889.0,1205.0,773.0,202.0,0.44,SUP124,33.0,0.282,9,113.0,19.9,1
MEDDA74B1,Piperacillin-Tazobactam 3.375g,antibiotic,2085.0,488.0,2508.0,470.0,106.0,0.05,SUP101,26.0,0.651,0,214.0,0.0,0
MEDA4DB62,Glipizide ER 10mg,diabetes,1164.0,657.0,2025.0,538.0,183.0,-0.1,SUP117,10.0,0.652,4,44.0,6.5,0
MED5F102C,Hydrocodone/APAP 5/325,analgesic,1138.0,374.0,2786.0,919.0,147.0,0.26,SUP118,11.0,0.477,4,65.0,6.4,0
MED85581B,Divalproex ER 500mg,psychiatric,1948.0,211.0,2394.0,469.0,69.0,-0.07,SUP144,22.0,0.439,7,33.0,0.8,1
MEDC477C6,Insulin Glargine 300U/mL,diabetes,119.0,694.0,2599.0,790.0,160.0,-0.35,SUP114,35.0,0.412,4,36.0,0.0,0
MEDA1AC22,Ondansetron ODT 4mg,gastrointestinal,261.0,1663.0,1601.0,1879.0,390.0,-0.27,SUP129,14.0,0.549,3,35.0,0.7,1
MEDE5A6A7,Dulaglutide 1.5mg,diabetes,744.0,1397.0,2151.0,1357.0,298.0,-0.22,SUP115,22.0,0.419,4,25.0,5.7,1
MED953DFA,Clindamycin 300mg,antibiotic,53.0,572.0,471.0,568.0,128.0,-0.24,SUP105,7.0,0.836,2,86.0,9.1,0
MEDACA510,Acetazolamide 250mg,neurological,1992.0,390.0,2178.0,2022.0,384.0,0.61,SUP138,15.0,0.582,6,11.0,30.0,1
MEDE16A2D,Infliximab 100mg,immunological,706.0,461.0,1560.0,365.0,130.0,0.66,SUP157,30.0,0.359,2,89.0,8.2,1
MED86D8D8,Spironolactone 25mg,cardiovascular,291.0,342.0,710.0,492.0,129.0,0.68,SUP112,11.0,0.787,2,73.0,1.1,0
MED52DF9A,Vancomycin 1g,antibiotic,838.0,885.0,944.0,873.0,200.0,-0.22,SUP103,9.0,0.562,5,108.0,1.0,1
MED6321B4,Meropenem 1g,antibiotic,88.0,477.0,895.0,1393.0,306.0,0.18,SUP102,21.0,0.481,4,24.0,11.5,1
MEDA4DF27,Cyclosporine 100mg,immunological,437.0,906.0,907.0,809.0,296.0,-0.03,SUP154,31.0,0.597,4,11.0,23.4,1
MED313390,Mesalamine 400mg,gastrointestinal,516.0,598.0,640.0,325.0,123.0,-0.05,SUP132,14.0,0.435,5,9.0,15.4,1
MED3DE9F1,Doxorubicin 50mg,oncology,1768.0,392.0,1988.0,550.0,106.0,0.15,SUP149,44.0,0.276,5,76.0,2.9,1
MED5D93E5,Infliximab 100mg,immunological,349.0,1297.0,1385.0,1036.0,379.0,-0.17,SUP157,52.0,0.428,4,96.0,0.1,1
MED192408,Gabapentin 600mg,neurological,1806.0,516.0,2023.0,656.0,134.0,0.19,SUP137,7.0,0.643,0,209.0,0.0,0
MED00E4B9,Methotrexate 25mg/mL,oncology,532.0,299.0,925.0,1417.0,256.0,0.57,SUP145,24.0,0.436,2,87.0,2.4,1
MED40DAEE,Methotrexate 25mg/mL,oncology,382.0,342.0,2812.0,652.0,116.0,0.34,SUP145,45.0,0.273,8,62.0,6.1,0
MEDF87F8F,Morphine Sulfate 15mg,analgesic,795.0,628.0,1066.0,841.0,277.0,-0.13,SUP118,7.0,0.414,3,84.0,3.8,0
MEDEF0824,Carbamazepine 400mg,neurological,2395.0,183.0,2904.0,236.0,37.0,-0.11,SUP136,23.0,0.501,3,62.0,18.5,0
MED954F79,Ketorolac 30mg/mL,analgesic,549.0,221.0,2326.0,1067.0,211.0,0.35,SUP120,32.0,0.576,6,69.0,6.6,1
MEDF8AF4D,Dexamethasone 4mg,respiratory,483.0,433.0,550.0,732.0,131.0,0.03,SUP126,22.0,0.531,3,48.0,4.6,1
MED3427D4,Valproic Acid 250mg,neurological,149.0,46.0,164.0,33.0,14.0,0.64,SUP135,24.0,0.57,4,67.0,7.6,1
MED1B1731,Octreotide 100mcg/mL,gastrointestinal,74.0,1115.0,1237.0,576.0,242.0,-0.29,SUP133,19.0,0.502,3,61.0,8.1,1
MED0A1ECC,Codeine/Guaifenesin,respiratory,395.0,108.0,1395.0,80.0,23.0,0.43,SUP127,19.0,0.564,3,74.0,13.7,0
MEDA9F60B,Infliximab 100mg,immunological,413.0,98.0,1673.0,55.0,22.0,0.29,SUP157,48.0,0.287,7,64.0,6.8,1
MEDFBCFAF,Hydrocodone/APAP 5/325,analgesic,1352.0,368.0,2980.0,1464.0,248.0,-0.01,SUP118,5.0,0.443,8,65.0,5.0,1
MED69B9BC,Infliximab 100mg,immunological,541.0,73.0,645.0,168.0,34.0,0.04,SUP157,32.0,0.198,7,30.0,3.6,1
MED4CDFBC,Ipratropium Nebulizer,respiratory,87.0,209.0,2671.0,298.0,78.0,-0.2,SUP125,18.0,0.541,5,45.0,4.6,1
MEDE4B3A4,Ketorolac 30mg/mL,analgesic,1760.0,930.0,1862.0,787.0,295.0,-0.18,SUP120,16.0,0.611,6,67.0,5.2,0
MEDED0B0E,Levofloxacin 500mg,antibiotic,1322.0,536.0,1565.0,373.0,121.0,0.44,SUP106,21.0,0.586,6,41.0,11.8,0
MED0B8EF5,Dulaglutide 1.5mg,diabetes,1400.0,42.0,2150.0,45.0,9.0,0.14,SUP115,31.0,0.347,6,101.0,11.0,1
MEDC4F6CA,Carbamazepine 400mg,neurological,738.0,535.0,989.0,1502.0,398.0,-0.33,SUP136,14.0,0.534,6,74.0,0.2,1
MEDD733AE,Cyclosporine 100mg,immunological,19.0,770.0,493.0,1145.0,212.0,0.12,SUP154,29.0,0.393,7,52.0,4.4,0
MED348AD4,Dexamethasone 4mg,respiratory,250.0,212.0,657.0,101.0,44.0,0.1,SUP126,18.0,0.587,6,37.0,11.4,1
MED7C9C6A,Diltiazem 120mg,cardiovascular,216.0,888.0,1840.0,1577.0,272.0,-0.16,SUP110,4.0,0.697,3,13.0,7.6,0
MED8ECB6A,Clozapine 100mg,psychiatric,369.0,126.0,684.0,314.0,74.0,0.56,SUP140,41.0,0.292,10,66.0,16.7,1
MEDA38FA8,Phenytoin 100mg,neurological,781.0,1310.0,923.0,2029.0,306.0,0.57,SUP134,21.0,0.431,6,24.0,9.4,1
MED1E2C58,Doxorubicin 50mg,oncology,248.0,1558.0,2036.0,683.0,327.0,0.3,SUP149,53.0,0.28,12,21.0,14.2,1
MED238645,Heparin 5000U/mL,cardiovascular,916.0,710.0,1460.0,1739.0,266.0,0.68,SUP108,21.0,0.598,6,82.0,5.3,1
MED73BA1B,Gabapentin 600mg,neurological,510.0,415.0,770.0,556.0,106.0,-0.21,SUP137,21.0,0.569,4,40.0,3.0,1
MED5D2FA1,Lithium Carbonate 300mg,psychiatric,3.0,66.0,53.0,96.0,23.0,-0.26,SUP139,25.0,0.472,4,33.0,6.2,1
MED22424F,Dexamethasone 4mg,respiratory,297.0,51.0,421.0,94.0,38.0,0.34,SUP126,19.0,0.467,3,42.0,30.9,0
MED4D6A70,Mycophenolate 500mg,immunological,743.0,220.0,2414.0,648.0,104.0,0.31,SUP155,16.0,0.47,7,23.0,0.4,1
MED0F1716,Tacrolimus 5mg,immunological,3.0,42.0,63.0,87.0,15.0,-0.0,SUP153,38.0,0.482,5,34.0,2.0,1
MED853CC3,Meloxicam 15mg,analgesic,253.0,979.0,966.0,1000.0,220.0,-0.06,SUP121,9.0,0.782,1,115.0,1.4,0
MED589F75,Enoxaparin 40mg,cardiovascular,42.0,7.0,270.0,29.0,5.0,-0.17,SUP108,13.0,0.474,4,87.0,6.9,0
MED74D038,Valproic Acid 250mg,neurological,578.0,460.0,966.0,1781.0,281.0,0.17,SUP135,12.0,0.553,4,92.0,5.7,0
MED471497,Mesalamine 400mg,gastrointestinal,512.0,475.0,2429.0,1250.0,213.0,0.09,SUP132,20.0,0.577,2,26.0,18.6,0
MEDD8B887,Gabapentin 600mg,neurological,1004.0,799.0,1118.0,989.0,183.0,0.65,SUP137,16.0,0.59,4,67.0,11.0,0
MED45BAA0,Divalproex ER 500mg,psychiatric,569.0,1050.0,2673.0,1015.0,287.0,0.35,SUP144,14.0,0.509,3,75.0,1.9,1
MED49EF7B,Temozolomide 100mg,oncology,1800.0,674.0,2768.0,581.0,140.0,-0.17,SUP151,44.0,0.378,2,39.0,12.8,1
MED990C22,Sucralfate 1g,gastrointestinal,589.0,143.0,1115.0,340.0,94.0,-0.22,SUP130,6.0,0.581,7,7.0,20.4,1
MED0DDCE5,Acetazolamide 250mg,neurological,459.0,647.0,842.0,1615.0,397.0,-0.22,SUP138,22.0,0.499,5,23.0,3.0,1
MED438102,Bupropion XL 300mg,psychiatric,109.0,137.0,1937.0,821.0,123.0,-0.15,SUP143,11.0,0.47,9,64.0,20.3,1
MEDFA0FE7,Cyclosporine 100mg,immunological,14.0,58.0,191.0,98.0,18.0,-0.03,SUP154,14.0,0.508,5,67.0,8.6,1
MEDCDA00C,Ipratropium Nebulizer,respiratory,1359.0,539.0,2858.0,396.0,137.0,-0.25,SUP125,10.0,0.452,5,13.0,2.6,1
MED87A201,Insulin Glargine 300U/mL,diabetes,23.0,177.0,2320.0,426.0,103.0,0.67,SUP114,24.0,0.412,12,92.0,0.5,1
MEDECDDFF,Semaglutide 0.25mg,diabetes,783.0,445.0,809.0,1537.0,393.0,0.56,SUP115,40.0,0.411,2,44.0,6.6,1
MED4D42B5,Heparin 5000U/mL,cardiovascular,1203.0,606.0,2224.0,1316.0,191.0,0.21,SUP108,15.0,0.456,8,113.0,3.5,1
MED1DAB0B,Fentanyl Patch 25mcg/hr,analgesic,552.0,745.0,1233.0,490.0,201.0,-0.32,SUP119,33.0,0.4,3,74.0,17.0,1
MED454204,Enoxaparin 40mg,cardiovascular,2044.0,22.0,2577.0,13.0,5.0,0.48,SUP108,25.0,0.459,2,107.0,3.3,1
MEDA29996,Dulaglutide 1.5mg,diabetes,134.0,591.0,1958.0,555.0,183.0,0.11,SUP115,50.0,0.236,10,62.0,2.4,1
MED50F6CB,Mesalamine 400mg,gastrointestinal,1788.0,778.0,2546.0,1988.0,393.0,0.3,SUP132,20.0,0.702,3,62.0,2.9,0
MEDD5E02C,Diltiazem 120mg,cardiovascular,2019.0,234.0,2755.0,254.0,84.0,0.15,SUP110,10.0,0.746,2,103.0,8.1,0
MEDEBBA0C,Temozolomide 100mg,oncology,316.0,14.0,530.0,24.0,12.0,-0.4,SUP151,19.0,0.32,7,9.0,8.0,1
MEDC5C346,Ceftriaxone 1g,antibiotic,1220.0,497.0,1593.0,999.0,163.0,0.03,SUP104,16.0,0.453,4,50.0,11.3,0
MED5500A9,Dulaglutide 1.5mg,diabetes,463.0,442.0,561.0,717.0,224.0,-0.14,SUP115,28.0,0.276,5,86.0,16.0,1
MED1CD164,Lithium Carbonate 300mg,psychiatric,152.0,30.0,1116.0,98.0,24.0,-0.38,SUP139,27.0,0.527,5,23.0,7.6,0
MEDB59083,Tacrolimus 5mg,immunological,463.0,444.0,1372.0,596.0,116.0,0.47,SUP153,15.0,0.489,7,85.0,7.1,1
MEDCFF8C4,Montelukast 4mg,respiratory,261.0,303.0,544.0,662.0,269.0,0.37,SUP128,13.0,0.594,6,43.0,10.3,1
MED0F1E68,Semaglutide 0.25mg,diabetes,29.0,1229.0,2656.0,1600.0,314.0,-0.32,SUP115,19.0,0.43,3,76.0,2.2,1
MED4098FD,Dulaglutide 1.5mg,diabetes,27.0,133.0,447.0,134.0,33.0,0.37,SUP115,45.0,0.392,2,104.0,4.2,1
MED09D7D2,Spironolactone 25mg,cardiovascular,388.0,971.0,1932.0,1125.0,205.0,0.6,SUP112,8.0,0.742,3,109.0,8.6,0
MED3C737E,Semaglutide 0.25mg,diabetes,796.0,412.0,1067.0,709.0,296.0,0.2,SUP115,32.0,0.339,7,102.0,2.0,1
MED81E69C,Cisplatin 50mg,oncology,1287.0,1546.0,2220.0,1857.0,323.0,-0.38,SUP146,38.0,0.341,3,2.0,6.6,1
MED20E077,Semaglutide 0.25mg,diabetes,355.0,534.0,1286.0,374.0,151.0,-0.1,SUP115,31.0,0.39,7,13.0,24.2,1
MED472F4A,Carbamazepine 400mg,neurological,562.0,759.0,866.0,1280.0,354.0,-0.11,SUP136,12.0,0.642,4,63.0,2.2,0
MEDF18B40,Methotrexate 25mg/mL,oncology,424.0,239.0,577.0,529.0,84.0,0.67,SUP145,39.0,0.297,5,42.0,14.6,0
MED3431DC,Carboplatin 150mg,oncology,1616.0,595.0,2245.0,587.0,197.0,0.52,SUP147,42.0,0.471,10,15.0,6.3,1
MED08E998,Acetazolamide 250mg,neurological,1171.0,465.0,1739.0,1039.0,270.0,0.24,SUP138,24.0,0.547,6,45.0,0.4,1
MEDC70227,Piperacillin-Tazobactam 3.375g,antibiotic,488.0,428.0,1238.0,645.0,121.0,0.53,SUP101,18.0,0.523,8,78.0,0.9,1
MED4F7F9D,Temozolomide 100mg,oncology,78.0,90.0,127.0,253.0,37.0,-0.09,SUP151,39.0,0.339,5,107.0,3.7,1
MEDF7D15D,Insulin Aspart 100U/mL,diabetes,32.0,491.0,2128.0,1120.0,167.0,-0.05,SUP113,22.0,0.307,11,94.0,1.2,1
MEDF46DE6,Valproic Acid 250mg,neurological,112.0,510.0,1919.0,417.0,115.0,0.48,SUP135,16.0,0.616,4,55.0,16.4,0
MED33B147,Ketorolac 30mg/mL,analgesic,1315.0,571.0,1468.0,631.0,129.0,-0.13,SUP120,17.0,0.625,3,65.0,7.2,0
MEDCAEF7E,Diclofenac 75mg,analgesic,23.0,218.0,668.0,396.0,73.0,-0.08,SUP122,16.0,0.648,1,87.0,11.8,0
MED3EAE92,Epinephrine 1mg/mL,respiratory,1074.0,150.0,2444.0,819.0,128.0,0.34,SUP124,24.0,0.433,6,106.0,1.0,1
MEDF29186,Ketorolac 30mg/mL,analgesic,168.0,1324.0,1058.0,2505.0,384.0,0.62,SUP120,16.0,0.666,5,26.0,7.8,1
MED2F8695,Insulin Aspart 100U/mL,diabetes,766.0,1468.0,987.0,2412.0,370.0,0.3,SUP113,21.0,0.369,5,57.0,1.3,1
MEDF4860E,Spironolactone 25mg,cardiovascular,1157.0,300.0,1587.0,584.0,110.0,0.18,SUP112,7.0,0.825,0,262.0,0.0,0
MED9D2148,Semaglutide 0.25mg,diabetes,915.0,73.0,1375.0,75.0,16.0,0.61,SUP115,35.0,0.382,3,30.0,3.9,1
MEDA37356,Valproic Acid 250mg,neurological,784.0,332.0,1851.0,1001.0,219.0,-0.21,SUP135,16.0,0.617,5,108.0,3.8,0
MEDE900EA,Insulin Aspart 100U/mL,diabetes,72.0,489.0,319.0,1034.0,158.0,-0.36,SUP113,48.0,0.436,7,41.0,2.9,1
MED6D88E7,Ondansetron ODT 4mg,gastrointestinal,315.0,176.0,1457.0,150.0,44.0,0.39,SUP129,21.0,0.571,3,31.0,13.4,0
MED9DA2B1,Codeine/Guaifenesin,respiratory,1685.0,680.0,2506.0,1554.0,344.0,0.1,SUP127,14.0,0.518,7,84.0,10.9,1
MED4F02FD,Cyclosporine 100mg,immunological,591.0,513.0,1286.0,833.0,362.0,0.3,SUP154,29.0,0.462,4,104.0,7.5,1
MEDE4C9D0,Chlorpromazine 50mg,psychiatric,2402.0,1712.0,2404.0,1403.0,378.0,0.33,SUP142,25.0,0.65,2,3.0,0.7,0
MEDBF2B9E,Gabapentin 600mg,neurological,95.0,53.0,153.0,280.0,43.0,0.05,SUP137,4.0,0.551,13,55.0,1.2,1
MEDF4F464,Codeine/Guaifenesin,respiratory,380.0,31.0,1407.0,81.0,12.0,0.62,SUP127,19.0,0.401,4,48.0,12.8,0
MED4D9695,Gabapentin 600mg,neurological,423.0,429.0,604.0,705.0,106.0,-0.35,SUP137,15.0,0.731,3,9.0,23.2,0
MED69AF80,Clozapine 100mg,psychiatric,1495.0,662.0,2255.0,554.0,182.0,-0.09,SUP140,51.0,0.32,10,93.0,3.2,0
MEDB9AB35,Levofloxacin 500mg,antibiotic,980.0,583.0,2372.0,453.0,170.0,-0.23,SUP106,15.0,0.678,1,103.0,1.4,0
MEDA26C4D,Lactulose 10g/15mL,gastrointestinal,134.0,23.0,322.0,62.0,14.0,-0.21,SUP131,13.0,0.583,2,80.0,9.7,0
MEDCF9410,Amiodarone 200mg,cardiovascular,1226.0,752.0,2430.0,1443.0,317.0,-0.14,SUP109,32.0,0.593,5,70.0,16.4,0
MEDB8AD7C,Glipizide ER 10mg,diabetes,1419.0,92.0,2761.0,101.0,30.0,-0.08,SUP117,18.0,0.673,3,15.0,4.4,0
MED88B497,Lithium Carbonate 300mg,psychiatric,1151.0,426.0,2167.0,587.0,98.0,-0.15,SUP139,15.0,0.444,7,71.0,0.3,1
MED3AE088,Enoxaparin 40mg,cardiovascular,345.0,734.0,1340.0,1183.0,289.0,-0.17,SUP108,22.0,0.467,7,89.0,3.8,1
MEDA6C845,Tacrolimus 5mg,immunological,63.0,434.0,1125.0,1497.0,235.0,-0.15,SUP153,24.0,0.321,8,101.0,1.0,1
MED9CCC08,Carboplatin 150mg,oncology,352.0,119.0,390.0,536.0,97.0,0.1,SUP147,33.0,0.294,6,32.0,20.3,1
MEDE468F6,Clindamycin 300mg,antibiotic,396.0,205.0,523.0,851.0,180.0,0.29,SUP105,14.0,0.673,3,11.0,8.0,0
MED392475,Ceftriaxone 1g,antibiotic,411.0,711.0,474.0,913.0,214.0,0.57,SUP104,20.0,0.57,5,105.0,2.7,1
MED133378,Sucralfate 1g,gastrointestinal,10.0,889.0,678.0,1633.0,284.0,0.63,SUP130,27.0,0.612,5,29.0,7.7,1
MED546EF1,Bupropion XL 300mg,psychiatric,1355.0,318.0,1980.0,1840.0,264.0,-0.26,SUP143,13.0,0.692,5,16.0,27.7,0
MED792610,Octreotide 100mcg/mL,gastrointestinal,774.0,794.0,888.0,1491.0,392.0,-0.11,SUP133,12.0,0.527,5,54.0,0.7,1
MED041EFA,Morphine Sulfate 15mg,analgesic,47.0,32.0,65.0,84.0,21.0,0.49,SUP118,30.0,0.326,6,106.0,4.5,1
MEDC46EBE,Vincristine 1mg,oncology,1502.0,893.0,2757.0,1899.0,279.0,0.08,SUP150,44.0,0.256,10,75.0,4.0,1
MEDB65681,Meropenem 1g,antibiotic,667.0,81.0,957.0,215.0,32.0,0.54,SUP102,18.0,0.553,7,87.0,4.3,1
MED967092,Meloxicam 15mg,analgesic,2252.0,519.0,2706.0,1946.0,313.0,0.23,SUP121,4.0,0.648,5,25.0,2.0,0
MED343DCB,Haloperidol 5mg,psychiatric,1168.0,681.0,2118.0,1217.0,175.0,-0.29,SUP141,18.0,0.527,5,34.0,17.0,1
MEDCCCC48,Bupropion XL 300mg,psychiatric,522.0,1566.0,1441.0,1139.0,351.0,0.66,SUP143,10.0,0.717,1,113.0,8.9,0
MED2F3F83,Montelukast 4mg,respiratory,1003.0,63.0,1815.0,160.0,29.0,-0.23,SUP128,8.0,0.7,0,255.0,0.0,1
MEDB062BF,Dulaglutide 1.5mg,diabetes,567.0,455.0,994.0,1428.0,217.0,-0.1,SUP115,44.0,0.445,6,66.0,13.1,1
MED4B6DCE,Mesalamine 400mg,gastrointestinal,1771.0,501.0,1839.0,412.0,136.0,-0.28,SUP132,24.0,0.478,6,25.0,16.4,1
MEDC71376,Temozolomide 100mg,oncology,2136.0,950.0,2293.0,807.0,244.0,0.63,SUP151,52.0,0.238,9,58.0,1.0,1
MEDD63AA0,Pioglitazone 30mg,diabetes,219.0,773.0,1867.0,374.0,156.0,0.59,SUP116,5.0,0.67,6,53.0,18.4,1
MED5F34A6,Acetazolamide 250mg,neurological,2147.0,816.0,2953.0,1454.0,229.0,-0.07,SUP138,13.0,0.577,3,16.0,3.0,0
MEDBC4429,Semaglutide 0.25mg,diabetes,283.0,303.0,336.0,646.0,156.0,-0.32,SUP115,36.0,0.467,6,119.0,5.4,1
MEDDF7011,Sucralfate 1g,gastrointestinal,37.0,137.0,142.0,127.0,32.0,-0.0,SUP130,10.0,0.488,2,74.0,7.8,1
MED0B933B,Lactulose 10g/15mL,gastrointestinal,1817.0,1362.0,1864.0,976.0,297.0,0.62,SUP131,9.0,0.62,2,79.0,3.4,0
MED23F82D,Gabapentin 600mg,neurological,273.0,152.0,1347.0,737.0,151.0,0.65,SUP137,21.0,0.496,1,43.0,9.0,1
MED70E578,Dexamethasone 4mg,respiratory,301.0,25.0,862.0,95.0,14.0,0.06,SUP126,9.0,0.579,4,64.0,0.8,0
MED5D59E2,Insulin Aspart 100U/mL,diabetes,745.0,156.0,2091.0,393.0,98.0,0.67,SUP113,29.0,0.408,10,52.0,1.7,1
MEDF00534,Glipizide ER 10mg,diabetes,39.0,282.0,408.0,739.0,131.0,-0.38,SUP117,13.0,0.618,5,67.0,6.4,1
MED524834,Doxorubicin 50mg,oncology,2179.0,1125.0,2942.0,1430.0,270.0,-0.08,SUP149,20.0,0.137,15,47.0,0.0,1
MEDC67F00,Morphine Sulfate 15mg,analgesic,542.0,822.0,647.0,713.0,241.0,-0.27,SUP118,26.0,0.606,4,29.0,25.5,1
MED0CDA6F,Fentanyl Patch 25mcg/hr,analgesic,351.0,546.0,1270.0,971.0,247.0,-0.01,SUP119,26.0,0.404,3,114.0,10.5,1
MED073269,Capecitabine 500mg,oncology,72.0,442.0,1964.0,590.0,168.0,0.32,SUP152,37.0,0.323,5,15.0,2.1,1
MEDAE96F2,Hydralazine 25mg,cardiovascular,657.0,1163.0,2804.0,2354.0,371.0,0.32,SUP111,6.0,0.714,1,14.0,2.7,0
MEDF1D690,Chlorpromazine 50mg,psychiatric,1058.0,357.0,2868.0,1715.0,284.0,0.14,SUP142,22.0,0.553,3,27.0,9.0,1
MED5C817A,Insulin Glargine 300U/mL,diabetes,131.0,248.0,526.0,536.0,113.0,-0.39,SUP114,15.0,0.344,5,93.0,10.5,1
MED8C52B9,Ceftriaxone 1g,antibiotic,1343.0,606.0,2334.0,440.0,141.0,-0.33,SUP104,23.0,0.615,2,84.0,1.2,0
MED41188C,Pioglitazone 30mg,diabetes,580.0,587.0,785.0,375.0,143.0,-0.27,SUP116,13.0,0.73,3,114.0,14.3,0
MEDA0F860,Cisplatin 50mg,oncology,970.0,332.0,2839.0,312.0,81.0,0.39,SUP146,48.0,0.362,5,94.0,2.3,1
MEDE560BC,Montelukast 4mg,respiratory,846.0,415.0,1040.0,1655.0,322.0,0.69,SUP128,17.0,0.633,1,89.0,2.7,0
MED49FC1A,Clindamycin 300mg,antibiotic,16.0,135.0,1068.0,63.0,29.0,-0.2,SUP105,7.0,0.717,4,106.0,1.6,0
MED9845D1,Ketorolac 30mg/mL,analgesic,278.0,297.0,2540.0,645.0,233.0,0.12,SUP120,13.0,0.616,10,14.0,2.4,1
MEDC1DD37,Infliximab 100mg,immunological,1118.0,647.0,2260.0,609.0,148.0,0.15,SUP157,29.0,0.35,5,108.0,0.8,1
MED934ED2,Acetazolamide 250mg,neurological,854.0,1256.0,1093.0,1339.0,350.0,0.65,SUP138,12.0,0.574,2,110.0,10.2,1
MED3C7C10,Clindamycin 300mg,antibiotic,832.0,1529.0,1214.0,2431.0,356.0,0.13,SUP105,10.0,0.726,3,120.0,1.2,0
MEDEA1A67,Divalproex ER 500mg,psychiatric,550.0,699.0,2431.0,585.0,283.0,0.1,SUP144,21.0,0.473,5,70.0,3.0,1
MED6BCCEB,Tacrolimus 5mg,immunological,428.0,1449.0,963.0,916.0,361.0,0.44,SUP153,26.0,0.409,6,73.0,3.2,1
MED46B7E3,Lactulose 10g/15mL,gastrointestinal,1540.0,133.0,2001.0,133.0,64.0,0.0,SUP131,13.0,0.659,5,19.0,0.9,0
MED4BAAAC,Ondansetron ODT 4mg,gastrointestinal,1546.0,1069.0,2537.0,2042.0,303.0,-0.34,SUP129,22.0,0.473,8,91.0,4.4,1
MED20B76A,Dexamethasone 4mg,respiratory,825.0,1268.0,2217.0,2059.0,346.0,0.05,SUP126,23.0,0.549,1,100.0,8.0,1
MEDB73EB4,Carbamazepine 400mg,neurological,704.0,202.0,810.0,118.0,41.0,0.13,SUP136,15.0,0.338,11,107.0,1.2,1
MEDA577F1,Ceftriaxone 1g,antibiotic,149.0,75.0,276.0,113.0,25.0,0.17,SUP104,18.0,0.549,6,90.0,3.0,1
MEDF6B0A5,Diclofenac 75mg,analgesic,35.0,900.0,442.0,908.0,183.0,0.19,SUP122,9.0,0.803,0,227.0,0.0,0
MED4ED12F,Sucralfate 1g,gastrointestinal,241.0,368.0,1502.0,574.0,107.0,-0.08,SUP130,10.0,0.676,3,87.0,0.5,0
MED5FA8D1,Ipratropium Nebulizer,respiratory,1155.0,406.0,1810.0,561.0,87.0,0.2,SUP125,8.0,0.513,7,18.0,10.8,1
MEDF7259E,Methotrexate 25mg/mL,oncology,2636.0,789.0,2973.0,2539.0,372.0,0.12,SUP145,24.0,0.407,6,54.0,41.8,1
MEDE2190F,Vancomycin 1g,antibiotic,518.0,578.0,1325.0,289.0,119.0,0.62,SUP103,21.0,0.542,7,29.0,0.6,1
MEDC0F6AD,Haloperidol 5mg,psychiatric,87.0,135.0,427.0,329.0,116.0,0.42,SUP141,18.0,0.514,5,111.0,24.4,1
MED2EC451,Infliximab 100mg,immunological,118.0,34.0,120.0,84.0,33.0,-0.23,SUP157,49.0,0.326,8,9.0,0.5,1
MED03C196,Tacrolimus 5mg,immunological,81.0,1595.0,1692.0,2085.0,341.0,0.46,SUP153,26.0,0.395,7,52.0,11.4,1
MED480D17,Morphine Sulfate 15mg,analgesic,3.0,577.0,434.0,1056.0,204.0,0.47,SUP118,41.0,0.416,5,82.0,1.3,1
MED0471FD,Amiodarone 200mg,cardiovascular,483.0,540.0,1974.0,846.0,217.0,0.02,SUP109,25.0,0.615,5,117.0,9.8,1
MEDD0C0EF,Clozapine 100mg,psychiatric,28.0,475.0,308.0,293.0,126.0,0.23,SUP140,24.0,0.414,7,97.0,1.7,1
MEDC0C8F3,Pioglitazone 30mg,diabetes,453.0,435.0,1476.0,1124.0,297.0,0.1,SUP116,10.0,0.71,3,68.0,1.0,0
MED29BB9F,Glipizide ER 10mg,diabetes,435.0,887.0,1537.0,832.0,291.0,-0.22,SUP117,12.0,0.76,5,84.0,1.8,1
MED03854E,Ketorolac 30mg/mL,analgesic,2754.0,1191.0,2891.0,1934.0,291.0,0.03,SUP120,12.0,0.398,9,1.0,13.7,1
MED793942,Hydralazine 25mg,cardiovascular,1122.0,426.0,2525.0,403.0,86.0,0.69,SUP111,8.0,0.729,2,102.0,3.1,0
MED4C2A88,Enoxaparin 40mg,cardiovascular,588.0,168.0,2608.0,475.0,148.0,0.52,SUP108,21.0,0.473,6,82.0,13.5,1
MED79CCF3,Azathioprine 50mg,immunological,1855.0,183.0,2424.0,387.0,81.0,-0.39,SUP156,27.0,0.383,4,31.0,15.3,1
MEDE20F04,Mycophenolate 500mg,immunological,675.0,495.0,795.0,2548.0,390.0,0.49,SUP155,22.0,0.398,6,34.0,14.0,1
MEDB903A5,Acetazolamide 250mg,neurological,326.0,1139.0,1382.0,855.0,357.0,0.44,SUP138,29.0,0.515,5,58.0,3.2,1
MED85DB42,Cyclosporine 100mg,immunological,225.0,287.0,394.0,418.0,88.0,0.57,SUP154,29.0,0.486,7,28.0,2.0,1
MED821883,Clozapine 100mg,psychiatric,647.0,502.0,971.0,807.0,129.0,-0.36,SUP140,38.0,0.383,8,76.0,12.5,1
MED74511C,Ketorolac 30mg/mL,analgesic,398.0,281.0,1983.0,677.0,280.0,0.56,SUP120,19.0,0.628,5,79.0,26.0,0
MED6E0C7B,Montelukast 4mg,respiratory,64.0,607.0,516.0,1289.0,256.0,0.14,SUP128,18.0,0.67,1,65.0,0.4,0
MED0B26BD,Levofloxacin 500mg,antibiotic,2075.0,242.0,2248.0,290.0,60.0,-0.06,SUP106,7.0,0.689,8,13.0,25.8,0
MED6FB940,Doxorubicin 50mg,oncology,1213.0,224.0,1760.0,264.0,52.0,-0.24,SUP149,49.0,0.16,6,65.0,17.4,1
MED016431,Vancomycin 1g,antibiotic,2639.0,1187.0,2645.0,1184.0,270.0,0.39,SUP103,14.0,0.69,2,109.0,14.5,0
MED07A2D3,Dexamethasone 4mg,respiratory,9.0,458.0,324.0,436.0,107.0,0.36,SUP126,13.0,0.51,3,17.0,7.2,1
MED11D2AF,Infliximab 100mg,immunological,85.0,44.0,1581.0,212.0,37.0,0.49,SUP157,54.0,0.498,7,93.0,14.0,1
MED59FE8C,Clindamycin 300mg,antibiotic,654.0,237.0,2541.0,1216.0,228.0,0.01,SUP105,9.0,0.624,1,40.0,25.1,0
MED8213CB,Chlorpromazine 50mg,psychiatric,51.0,15.0,99.0,35.0,6.0,-0.08,SUP142,27.0,0.736,2,28.0,10.2,0
MED23504D,Spironolactone 25mg,cardiovascular,310.0,290.0,1377.0,358.0,169.0,-0.14,SUP112,3.0,0.809,0,286.0,0.0,0
MED75C33E,Doxorubicin 50mg,oncology,821.0,236.0,875.0,485.0,101.0,0.14,SUP149,69.0,0.204,7,55.0,14.0,1
MED1B1CA7,Carboplatin 150mg,oncology,588.0,1400.0,878.0,1968.0,355.0,-0.12,SUP147,35.0,0.333,2,41.0,5.3,1
MED3A35A1,Azathioprine 50mg,immunological,1794.0,712.0,2012.0,349.0,173.0,0.21,SUP156,30.0,0.487,6,94.0,0.8,1
MEDE837C0,Ketorolac 30mg/mL,analgesic,90.0,239.0,1677.0,397.0,62.0,0.55,SUP120,19.0,0.547,1,8.0,0.6,1
MEDC9A606,Divalproex ER 500mg,psychiatric,2808.0,504.0,2953.0,660.0,124.0,0.13,SUP144,10.0,0.452,3,39.0,18.1,0
MEDC40F81,Tacrolimus 5mg,immunological,324.0,570.0,1087.0,403.0,121.0,0.07,SUP153,28.0,0.367,10,46.0,6.5,1
MED539534,Mesalamine 400mg,gastrointestinal,600.0,911.0,1596.0,1296.0,278.0,0.11,SUP132,15.0,0.481,8,32.0,1.7,1
MEDCC4F4A,Vincristine 1mg,oncology,913.0,46.0,1213.0,81.0,15.0,0.39,SUP150,46.0,0.179,10,49.0,1.3,1
MED94F5B3,Insulin Aspart 100U/mL,diabetes,1206.0,506.0,1626.0,337.0,147.0,0.27,SUP113,27.0,0.365,5,96.0,3.8,1
MED6BF8EA,Carbamazepine 400mg,neurological,597.0,979.0,1356.0,1072.0,226.0,-0.26,SUP136,18.0,0.543,6,75.0,10.1,1
MEDFFDB8A,Diclofenac 75mg,analgesic,38.0,127.0,1560.0,261.0,67.0,-0.36,SUP122,8.0,0.708,7,29.0,10.3,1
MED67D4CA,Azathioprine 50mg,immunological,999.0,1281.0,1724.0,1559.0,394.0,0.2,SUP156,17.0,0.571,2,59.0,19.6,1
MED5A3C29,Pioglitazone 30mg,diabetes,967.0,407.0,2054.0,499.0,249.0,-0.06,SUP116,6.0,0.809,4,79.0,18.4,0
MED98504B,Valproic Acid 250mg,neurological,520.0,541.0,781.0,1868.0,312.0,-0.28,SUP135,8.0,0.547,6,26.0,6.5,1
MED818F58,Doxorubicin 50mg,oncology,1732.0,751.0,2772.0,377.0,162.0,0.69,SUP149,51.0,0.369,4,112.0,4.0,0
MEDD746E0,Levofloxacin 500mg,antibiotic,1227.0,709.0,1358.0,2009.0,295.0,0.1,SUP106,25.0,0.653,3,89.0,22.4,0
MED8791B1,Valproic Acid 250mg,neurological,1358.0,562.0,2507.0,607.0,128.0,0.66,SUP135,13.0,0.639,4,12.0,4.1,0
MED9A0AB3,Cisplatin 50mg,oncology,2576.0,170.0,2846.0,201.0,61.0,0.02,SUP146,39.0,0.348,7,77.0,5.1,1
MEDD867CD,Dexamethasone 4mg,respiratory,52.0,534.0,492.0,1172.0,187.0,0.47,SUP126,12.0,0.593,7,93.0,10.4,1
MED2F2884,Heparin 5000U/mL,cardiovascular,663.0,566.0,2893.0,1001.0,148.0,-0.1,SUP108,24.0,0.495,6,96.0,8.0,1
MED48F35A,Bupropion XL 300mg,psychiatric,418.0,523.0,680.0,977.0,285.0,0.7,SUP143,8.0,0.592,10,67.0,4.4,1
MED12A444,Infliximab 100mg,immunological,970.0,850.0,2180.0,1703.0,258.0,0.35,SUP157,38.0,0.362,5,86.0,19.4,1
MEDD08CF5,Chlorpromazine 50mg,psychiatric,426.0,77.0,1853.0,73.0,31.0,-0.16,SUP142,23.0,0.447,5,49.0,14.3,1
MEDB577BC,Bupropion XL 300mg,psychiatric,2264.0,297.0,2627.0,761.0,127.0,-0.24,SUP143,19.0,0.58,4,89.0,6.4,0
MED861F4E,Doxorubicin 50mg,oncology,122.0,173.0,888.0,239.0,93.0,0.47,SUP149,34.0,0.255,9,14.0,5.0,1
MED59E9A2,Vancomycin 1g,antibiotic,2363.0,359.0,2524.0,1053.0,205.0,-0.09,SUP103,10.0,0.641,4,111.0,1.9,0
MED0DEC1A,Diltiazem 120mg,cardiovascular,1205.0,243.0,2147.0,471.0,73.0,-0.05,SUP110,11.0,0.645,6,19.0,1.5,0
MED285631,Montelukast 4mg,respiratory,193.0,647.0,1166.0,1028.0,255.0,-0.02,SUP128,17.0,0.576,7,2.0,4.1,1
MEDDA1B44,Dulaglutide 1.5mg,diabetes,76.0,448.0,2916.0,324.0,158.0,0.36,SUP115,10.0,0.33,5,66.0,3.8,1
MEDB5934D,Enoxaparin 40mg,cardiovascular,599.0,611.0,2986.0,662.0,156.0,0.03,SUP108,18.0,0.484,9,3.0,3.9,1
MED49131A,Ceftriaxone 1g,antibiotic,708.0,108.0,747.0,149.0,24.0,-0.36,SUP104,17.0,0.519,6,114.0,14.8,1
MED8A6F9D,Colchicine 0.6mg,analgesic,1355.0,346.0,2975.0,393.0,153.0,-0.38,SUP123,12.0,0.47,4,40.0,7.0,0
MED2AC190,Enoxaparin 40mg,cardiovascular,518.0,170.0,591.0,171.0,42.0,0.42,SUP108,10.0,0.456,8,105.0,16.4,1
MED2EFB4D,Glipizide ER 10mg,diabetes,1979.0,1177.0,2508.0,1144.0,306.0,-0.26,SUP117,9.0,0.702,2,14.0,5.3,0
MED74F92B,Meloxicam 15mg,analgesic,348.0,1493.0,1499.0,2076.0,305.0,-0.12,SUP121,11.0,0.803,2,49.0,12.7,0
MED47ED19,Dexamethasone 4mg,respiratory,1327.0,729.0,1652.0,1955.0,284.0,0.04,SUP126,19.0,0.593,2,9.0,6.5,0
MED88A43B,Mycophenolate 500mg,immunological,179.0,398.0,1500.0,731.0,306.0,0.46,SUP155,13.0,0.555,7,54.0,13.1,1
MED29F2A0,Pioglitazone 30mg,diabetes,44.0,52.0,222.0,160.0,45.0,0.47,SUP116,7.0,0.595,8,5.0,8.6,1
MED921B20,Acetazolamide 250mg,neurological,729.0,42.0,1845.0,41.0,10.0,0.67,SUP138,19.0,0.603,6,53.0,1.5,0
MED1B014B,Bupropion XL 300mg,psychiatric,852.0,321.0,1557.0,994.0,166.0,-0.29,SUP143,11.0,0.635,3,107.0,3.9,0
MEDDD8429,Diltiazem 120mg,cardiovascular,224.0,37.0,258.0,27.0,9.0,-0.39,SUP110,7.0,0.686,3,40.0,6.6,0
MED04AFA6,Mycophenolate 500mg,immunological,288.0,58.0,2864.0,120.0,29.0,0.06,SUP155,32.0,0.47,7,29.0,18.0,0
MED2F0DBE,Vincristine 1mg,oncology,905.0,941.0,1851.0,597.0,189.0,0.27,SUP150,35.0,0.268,6,40.0,11.1,1
MEDDECE13,Carbamazepine 400mg,neurological,448.0,789.0,1463.0,1316.0,245.0,0.31,SUP136,8.0,0.549,7,30.0,10.8,1
MED0E8E56,Heparin 5000U/mL,cardiovascular,1771.0,600.0,2739.0,596.0,244.0,-0.19,SUP108,19.0,0.378,4,34.0,23.8,0
MEDECFD09,Codeine/Guaifenesin,respiratory,547.0,1204.0,994.0,2201.0,365.0,-0.32,SUP127,15.0,0.507,10,4.0,3.5,1
MEDF90661,Piperacillin-Tazobactam 3.375g,antibiotic,231.0,328.0,549.0,604.0,107.0,-0.04,SUP101,19.0,0.51,8,67.0,10.2,1
MEDEEDD75,Gabapentin 600mg,neurological,526.0,1386.0,1431.0,819.0,388.0,-0.17,SUP137,22.0,0.639,3,51.0,20.8,1
MED3566C1,Ceftriaxone 1g,antibiotic,1411.0,37.0,2040.0,107.0,20.0,0.28,SUP104,16.0,0.636,5,43.0,3.0,0
MED1F8F9C,Octreotide 100mcg/mL,gastrointestinal,441.0,132.0,1061.0,167.0,33.0,0.51,SUP133,27.0,0.619,5,28.0,11.3,1
MED6B6437,Mycophenolate 500mg,immunological,305.0,97.0,657.0,96.0,35.0,-0.03,SUP155,27.0,0.431,5,15.0,1.7,1
MED2086AD,Lactulose 10g/15mL,gastrointestinal,500.0,810.0,2477.0,696.0,261.0,0.09,SUP131,12.0,0.592,6,55.0,1.7,1
MEDE49B26,Cisplatin 50mg,oncology,252.0,41.0,523.0,245.0,37.0,-0.13,SUP146,37.0,0.384,2,90.0,19.4,1
MED9F83E0,Cyclophosphamide 1g,oncology,628.0,106.0,1029.0,379.0,68.0,0.67,SUP148,36.0,0.362,3,67.0,5.0,1
MEDC2432A,Nitroglycerin 0.4mg SL,cardiovascular,1127.0,88.0,2388.0,134.0,34.0,0.57,SUP107,40.0,0.529,4,43.0,4.5,1
MED424EBA,Methotrexate 25mg/mL,oncology,839.0,220.0,1392.0,711.0,170.0,-0.21,SUP145,50.0,0.299,11,6.0,23.8,1
MEDE52137,Divalproex ER 500mg,psychiatric,588.0,789.0,1710.0,1167.0,182.0,0.62,SUP144,14.0,0.523,5,34.0,1.9,1
MED47B7FB,Infliximab 100mg,immunological,827.0,851.0,1162.0,1270.0,277.0,0.13,SUP157,34.0,0.457,6,64.0,0.2,1
MED264D15,Amiodarone 200mg,cardiovascular,650.0,327.0,2538.0,536.0,98.0,0.55,SUP109,21.0,0.584,8,22.0,2.7,1
MED80248C,Vincristine 1mg,oncology,611.0,330.0,2346.0,259.0,68.0,0.17,SUP150,30.0,0.236,5,86.0,4.8,1
MEDD36ED1,Gabapentin 600mg,neurological,1982.0,1059.0,2730.0,1872.0,300.0,0.53,SUP137,18.0,0.651,3,8.0,1.5,0
MED1705F6,Divalproex ER 500mg,psychiatric,191.0,720.0,750.0,843.0,216.0,0.33,SUP144,31.0,0.449,4,78.0,9.6,1
MEDB26FC8,Lithium Carbonate 300mg,psychiatric,1073.0,769.0,2490.0,1782.0,382.0,0.2,SUP139,33.0,0.408,7,35.0,3.6,1
MEDB08961,Cisplatin 50mg,oncology,648.0,1033.0,932.0,651.0,208.0,-0.01,SUP146,51.0,0.271,9,75.0,8.4,1
MEDC83F6F,Fentanyl Patch 25mcg/hr,analgesic,1604.0,196.0,1684.0,245.0,80.0,0.63,SUP119,32.0,0.283,6,8.0,3.2,1
MED921746,Semaglutide 0.25mg,diabetes,360.0,617.0,1160.0,832.0,150.0,0.63,SUP115,24.0,0.341,4,35.0,14.7,1
MED585046,Octreotide 100mcg/mL,gastrointestinal,448.0,480.0,918.0,608.0,209.0,0.05,SUP133,26.0,0.497,2,77.0,5.5,1
MEDF6E32D,Morphine Sulfate 15mg,analgesic,649.0,115.0,1636.0,196.0,32.0,-0.34,SUP118,20.0,0.367,9,92.0,2.8,1
MEDFB3619,Dexamethasone 4mg,respiratory,719.0,85.0,1874.0,228.0,59.0,-0.37,SUP126,17.0,0.575,5,13.0,5.3,1
MEDF55DEE,Dexamethasone 4mg,respiratory,1511.0,1459.0,2591.0,1567.0,301.0,0.15,SUP126,21.0,0.501,3,30.0,25.1,1
MED119511,Montelukast 4mg,respiratory,1411.0,761.0,2936.0,710.0,166.0,0.17,SUP128,17.0,0.716,3,63.0,1.7,0
MED2346FF,Octreotide 100mcg/mL,gastrointestinal,1343.0,446.0,1784.0,569.0,149.0,0.53,SUP133,25.0,0.473,6,11.0,6.7,1
MED445266,Ketorolac 30mg/mL,analgesic,91.0,291.0,190.0,241.0,65.0,0.07,SUP120,13.0,0.614,3,55.0,2.0,0
MED3B2B3A,Dulaglutide 1.5mg,diabetes,50.0,177.0,190.0,398.0,79.0,0.29,SUP115,48.0,0.411,9,107.0,1.3,0
MED163C7E,Carbamazepine 400mg,neurological,198.0,141.0,259.0,330.0,71.0,0.15,SUP136,30.0,0.506,6,9.0,1.3,1
MED9A5106,Valproic Acid 250mg,neurological,171.0,996.0,608.0,539.0,249.0,-0.06,SUP135,12.0,0.486,4,68.0,5.1,1
MED9DFA0B,Divalproex ER 500mg,psychiatric,42.0,122.0,516.0,181.0,33.0,0.47,SUP144,12.0,0.399,5,67.0,3.3,1
MEDCD8350,Capecitabine 500mg,oncology,898.0,369.0,1729.0,946.0,149.0,-0.35,SUP152,44.0,0.251,4,120.0,10.7,1
MED47CFCB,Azathioprine 50mg,immunological,13.0,925.0,530.0,670.0,220.0,0.47,SUP156,34.0,0.503,5,50.0,11.2,1
MED506760,Capecitabine 500mg,oncology,766.0,680.0,2585.0,452.0,212.0,-0.05,SUP152,21.0,0.259,7,117.0,23.1,1
MED730CF2,Epinephrine 1mg/mL,respiratory,259.0,31.0,920.0,30.0,8.0,0.49,SUP124,11.0,0.425,5,23.0,10.7,1
MED13A0BA,Valproic Acid 250mg,neurological,15.0,1274.0,2289.0,1202.0,293.0,0.49,SUP135,20.0,0.458,5,111.0,3.3,1
MEDB020B9,Diltiazem 120mg,cardiovascular,813.0,375.0,853.0,533.0,117.0,0.35,SUP110,10.0,0.74,4,119.0,20.1,0
MED864F2F,Ipratropium Nebulizer,respiratory,703.0,172.0,1193.0,570.0,96.0,0.42,SUP125,13.0,0.431,6,86.0,17.6,1
MED1082E4,Pioglitazone 30mg,diabetes,1359.0,1143.0,2165.0,1189.0,284.0,-0.33,SUP116,9.0,0.772,2,104.0,14.0,0
MED31BC8B,Cisplatin 50mg,oncology,1600.0,282.0,2446.0,439.0,84.0,0.28,SUP146,56.0,0.275,12,96.0,12.7,1
MED298B2F,Meropenem 1g,antibiotic,2519.0,1631.0,2756.0,1241.0,391.0,0.54,SUP102,24.0,0.523,1,69.0,2.3,1
MEDC148E7,Insulin Glargine 300U/mL,diabetes,1853.0,146.0,2023.0,816.0,145.0,0.31,SUP114,45.0,0.307,4,47.0,6.2,1
MED82B50F,Ipratropium Nebulizer,respiratory,779.0,835.0,1771.0,1388.0,367.0,-0.31,SUP125,24.0,0.367,4,32.0,3.8,1
MED9DF73E,Morphine Sulfate 15mg,analgesic,1354.0,210.0,2785.0,812.0,149.0,0.34,SUP118,44.0,0.36,8,43.0,15.8,1
MED9853B0,Cyclophosphamide 1g,oncology,1908.0,1119.0,2049.0,1393.0,377.0,-0.39,SUP148,55.0,0.348,9,111.0,6.4,1
MEDA429D3,Mycophenolate 500mg,immunological,462.0,873.0,464.0,776.0,221.0,0.38,SUP155,15.0,0.49,6,97.0,3.3,1
MEDA496F7,Chlorpromazine 50mg,psychiatric,614.0,942.0,2079.0,1414.0,251.0,-0.3,SUP142,19.0,0.565,5,85.0,15.3,1
MED96430B,Pioglitazone 30mg,diabetes,857.0,702.0,1382.0,849.0,364.0,0.39,SUP116,9.0,0.759,3,76.0,1.7,1
MEDADD1F6,Meloxicam 15mg,analgesic,1559.0,820.0,2602.0,1139.0,277.0,-0.38,SUP121,15.0,0.814,0,124.0,0.0,0
MEDCC55BE,Bupropion XL 300mg,psychiatric,1650.0,1234.0,2032.0,1997.0,317.0,0.04,SUP143,15.0,0.636,0,360.0,0.0,0
MEDAEDC33,Ondansetron ODT 4mg,gastrointestinal,411.0,1270.0,673.0,873.0,279.0,0.36,SUP129,18.0,0.517,3,18.0,4.7,1
MED721952,Cyclosporine 100mg,immunological,537.0,370.0,1413.0,301.0,145.0,-0.27,SUP154,31.0,0.398,12,79.0,0.3,1
MED98B253,Capecitabine 500mg,oncology,714.0,919.0,1101.0,1647.0,291.0,-0.21,SUP152,29.0,0.378,7,117.0,3.9,1
MED6DC624,Temozolomide 100mg,oncology,12.0,27.0,102.0,25.0,6.0,0.65,SUP151,58.0,0.113,13,101.0,0.9,1
MED27E3A0,Vancomycin 1g,antibiotic,897.0,1855.0,2611.0,1365.0,375.0,0.14,SUP103,7.0,0.638,0,118.0,0.0,0
MED9E63EA,Infliximab 100mg,immunological,1004.0,143.0,1988.0,328.0,91.0,0.54,SUP157,30.0,0.297,7,53.0,3.1,1
MEDCDBE14,Mesalamine 400mg,gastrointestinal,334.0,769.0,2093.0,900.0,376.0,0.6,SUP132,15.0,0.575,5,46.0,4.6,1
MEDA337A3,Piperacillin-Tazobactam 3.375g,antibiotic,421.0,995.0,2552.0,1592.0,382.0,-0.29,SUP101,24.0,0.594,7,8.0,7.0,1
MEDC14170,Morphine Sulfate 15mg,analgesic,61.0,515.0,380.0,352.0,126.0,-0.29,SUP118,27.0,0.445,6,10.0,17.5,1
MEDAE2757,Heparin 5000U/mL,cardiovascular,745.0,1743.0,1776.0,2157.0,373.0,0.44,SUP108,27.0,0.418,8,45.0,26.1,1
MEDC1440B,Sucralfate 1g,gastrointestinal,1131.0,746.0,1256.0,578.0,164.0,0.58,SUP130,18.0,0.596,7,44.0,4.3,1
MEDB40A67,Lithium Carbonate 300mg,psychiatric,80.0,40.0,98.0,50.0,17.0,0.35,SUP139,32.0,0.396,3,11.0,6.0,1
MEDAE84E0,Octreotide 100mcg/mL,gastrointestinal,2213.0,440.0,2274.0,1386.0,210.0,-0.14,SUP133,24.0,0.378,6,36.0,6.2,1
MED2B6A91,Ceftriaxone 1g,antibiotic,616.0,201.0,2828.0,590.0,160.0,0.5,SUP104,20.0,0.647,5,61.0,7.4,0
MEDFD192E,Levofloxacin 500mg,antibiotic,632.0,231.0,1869.0,405.0,100.0,-0.13,SUP106,10.0,0.673,4,108.0,0.2,0
MED7E3ECD,Tacrolimus 5mg,immunological,2182.0,25.0,2260.0,41.0,9.0,0.04,SUP153,10.0,0.251,3,63.0,1.1,1
MEDCC3EB9,Diltiazem 120mg,cardiovascular,2699.0,1214.0,2909.0,1157.0,260.0,-0.12,SUP110,12.0,0.763,0,274.0,0.0,0
MEDD1272E,Phenytoin 100mg,neurological,706.0,368.0,720.0,1084.0,235.0,-0.33,SUP134,16.0,0.453,8,90.0,19.9,1
MED372905,Cyclosporine 100mg,immunological,801.0,1436.0,1058.0,1594.0,347.0,-0.29,SUP154,22.0,0.475,2,99.0,2.5,1
MED72E79A,Nitroglycerin 0.4mg SL,cardiovascular,1328.0,162.0,1532.0,402.0,140.0,-0.11,SUP107,27.0,0.529,6,31.0,7.1,1
MED303342,Codeine/Guaifenesin,respiratory,1186.0,487.0,1435.0,856.0,193.0,0.26,SUP127,11.0,0.437,4,21.0,10.0,0
MED486360,Amiodarone 200mg,cardiovascular,317.0,387.0,1158.0,201.0,96.0,0.08,SUP109,9.0,0.599,2,56.0,35.3,1
MEDDB4650,Acetazolamide 250mg,neurological,808.0,356.0,1562.0,540.0,129.0,-0.18,SUP138,6.0,0.484,2,57.0,30.6,0
MEDB1270D,Piperacillin-Tazobactam 3.375g,antibiotic,467.0,387.0,568.0,277.0,81.0,0.21,SUP101,8.0,0.505,4,112.0,3.0,0
MEDD89DCD,Insulin Glargine 300U/mL,diabetes,660.0,17.0,3000.0,61.0,9.0,-0.06,SUP114,34.0,0.492,6,46.0,0.8,1
MED31C18B,Capecitabine 500mg,oncology,542.0,894.0,616.0,614.0,186.0,0.33,SUP152,15.0,0.421,8,111.0,17.1,1
MED9614E2,Diltiazem 120mg,cardiovascular,1191.0,1009.0,2104.0,1658.0,271.0,0.13,SUP110,4.0,0.664,4,120.0,8.9,0
MEDAA630D,Fentanyl Patch 25mcg/hr,analgesic,1370.0,132.0,1466.0,317.0,95.0,0.43,SUP119,46.0,0.309,5,71.0,4.5,1
MEDE151EA,Dexamethasone 4mg,respiratory,327.0,1064.0,1648.0,1203.0,259.0,0.51,SUP126,18.0,0.596,2,88.0,8.9,1
MEDFFF169,Clozapine 100mg,psychiatric,1951.0,1828.0,2584.0,2136.0,372.0,-0.32,SUP140,41.0,0.349,11,30.0,1.5,1
MED2A7F86,Valproic Acid 250mg,neurological,163.0,574.0,882.0,338.0,148.0,0.27,SUP135,19.0,0.535,5,84.0,5.9,1
MED4B2F95,Enoxaparin 40mg,cardiovascular,1006.0,220.0,1221.0,439.0,63.0,-0.27,SUP108,26.0,0.48,5,17.0,1.6,1
MEDAC98FE,Chlorpromazine 50mg,psychiatric,524.0,256.0,629.0,231.0,61.0,-0.12,SUP142,19.0,0.532,5,38.0,10.3,1
MED5F0826,Temozolomide 100mg,oncology,491.0,1453.0,968.0,2139.0,316.0,-0.1,SUP151,43.0,0.285,6,82.0,2.4,1
MED487843,Doxorubicin 50mg,oncology,1481.0,1054.0,2627.0,1290.0,388.0,0.28,SUP149,49.0,0.417,6,53.0,2.1,1
MEDA5AD16,Montelukast 4mg,respiratory,360.0,986.0,1732.0,1457.0,376.0,0.19,SUP128,14.0,0.629,9,111.0,8.7,1
MED1574F7,Nitroglycerin 0.4mg SL,cardiovascular,933.0,694.0,1248.0,520.0,217.0,0.68,SUP107,25.0,0.451,5,53.0,13.3,1
MED89C0D0,Glipizide ER 10mg,diabetes,491.0,32.0,854.0,44.0,9.0,-0.25,SUP117,15.0,0.744,3,21.0,7.6,0
MED3CF692,Morphine Sulfate 15mg,analgesic,84.0,405.0,2823.0,862.0,186.0,0.49,SUP118,18.0,0.477,5,41.0,23.8,1
MEDC794E8,Ondansetron ODT 4mg,gastrointestinal,1239.0,256.0,2639.0,358.0,93.0,0.36,SUP129,19.0,0.481,7,57.0,3.7,1
MEDF922CD,Epinephrine 1mg/mL,respiratory,1358.0,262.0,1779.0,374.0,54.0,0.4,SUP124,24.0,0.34,4,99.0,0.0,1
MEDF2D4D7,Octreotide 100mcg/mL,gastrointestinal,918.0,349.0,1386.0,853.0,197.0,0.44,SUP133,13.0,0.425,2,25.0,0.2,0
MED04603D,Chlorpromazine 50mg,psychiatric,1240.0,695.0,2147.0,740.0,142.0,-0.11,SUP142,17.0,0.574,7,35.0,15.6,1
MED6C73A2,Haloperidol 5mg,psychiatric,2688.0,416.0,2749.0,1082.0,168.0,0.1,SUP141,22.0,0.57,5,17.0,4.4,1
MEDAB8243,Hydrocodone/APAP 5/325,analgesic,630.0,330.0,1944.0,650.0,201.0,-0.2,SUP118,37.0,0.352,8,101.0,6.6,1
MEDFDA3A8,Mycophenolate 500mg,immunological,331.0,152.0,1707.0,398.0,147.0,0.11,SUP155,10.0,0.625,2,48.0,14.1,0
MED35DC93,Epinephrine 1mg/mL,respiratory,803.0,1230.0,884.0,796.0,306.0,0.46,SUP124,17.0,0.425,7,66.0,5.8,1
MED5F808E,Piperacillin-Tazobactam 3.375g,antibiotic,407.0,159.0,649.0,370.0,122.0,-0.14,SUP101,19.0,0.551,7,49.0,15.0,1
MED3D507E,Enoxaparin 40mg,cardiovascular,2181.0,612.0,2521.0,684.0,254.0,-0.24,SUP108,28.0,0.453,3,25.0,3.9,1
MED66A927,Ondansetron ODT 4mg,gastrointestinal,301.0,52.0,754.0,122.0,28.0,0.69,SUP129,14.0,0.499,5,61.0,5.2,1
MED6B4290,Cisplatin 50mg,oncology,1788.0,1590.0,2075.0,1118.0,385.0,-0.14,SUP146,54.0,0.304,3,64.0,24.7,1
MED4F6DB5,Clozapine 100mg,psychiatric,559.0,406.0,1499.0,645.0,98.0,0.5,SUP140,25.0,0.41,4,39.0,20.3,1
MED069180,Meloxicam 15mg,analgesic,1604.0,879.0,2458.0,572.0,200.0,-0.01,SUP121,10.0,0.671,3,12.0,2.0,0
MED490DED,Tacrolimus 5mg,immunological,450.0,496.0,1207.0,793.0,142.0,-0.31,SUP153,14.0,0.383,3,32.0,6.7,1
MEDC92461,Cyclophosphamide 1g,oncology,131.0,246.0,879.0,772.0,167.0,-0.12,SUP148,53.0,0.321,3,46.0,8.9,1
MED241B34,Cyclophosphamide 1g,oncology,336.0,22.0,1259.0,35.0,10.0,-0.27,SUP148,43.0,0.241,6,53.0,6.8,1
MED122C61,Mycophenolate 500mg,immunological,290.0,137.0,863.0,283.0,70.0,0.19,SUP155,6.0,0.458,3,70.0,5.6,0
MEDF6C032,Cyclophosphamide 1g,oncology,1350.0,733.0,1543.0,1028.0,150.0,0.05,SUP148,15.0,0.201,9,118.0,1.4,1
MED02B35C,Mesalamine 400mg,gastrointestinal,884.0,487.0,1731.0,1135.0,284.0,0.46,SUP132,10.0,0.512,4,10.0,21.0,0
MED95A3F8,Diclofenac 75mg,analgesic,1292.0,1678.0,2959.0,2165.0,358.0,0.53,SUP122,12.0,0.671,3,22.0,12.6,0
MEDB4E28F,Acetazolamide 250mg,neurological,1390.0,121.0,2805.0,163.0,59.0,0.66,SUP138,11.0,0.508,5,90.0,4.6,1
MED5BAA97,Dexamethasone 4mg,respiratory,182.0,1014.0,914.0,1371.0,256.0,-0.22,SUP126,15.0,0.703,3,116.0,2.8,0
MEDA833FB,Cyclosporine 100mg,immunological,103.0,218.0,1866.0,272.0,78.0,-0.0,SUP154,11.0,0.436,4,77.0,38.7,1
MEDC8189D,Montelukast 4mg,respiratory,827.0,71.0,2611.0,247.0,70.0,-0.38,SUP128,9.0,0.634,5,112.0,0.2,0
MEDD7FC8E,Epinephrine 1mg/mL,respiratory,2299.0,1176.0,2684.0,1143.0,291.0,-0.05,SUP124,6.0,0.462,3,101.0,3.1,0
MEDFECCC2,Ceftriaxone 1g,antibiotic,1214.0,1104.0,1906.0,2141.0,331.0,0.21,SUP104,9.0,0.559,5,2.0,4.0,1
MED821494,Codeine/Guaifenesin,respiratory,100.0,138.0,446.0,240.0,71.0,-0.33,SUP127,13.0,0.496,9,13.0,0.1,1
MEDF2EC5A,Azathioprine 50mg,immunological,24.0,33.0,65.0,99.0,16.0,-0.31,SUP156,23.0,0.467,6,40.0,1.6,1
MED7705D2,Insulin Glargine 300U/mL,diabetes,60.0,118.0,350.0,268.0,53.0,-0.18,SUP114,38.0,0.506,2,24.0,0.7,1
MED6D17A3,Sucralfate 1g,gastrointestinal,310.0,174.0,514.0,177.0,84.0,-0.16,SUP130,20.0,0.617,4,15.0,5.3,0
MEDFFE2AA,Valproic Acid 250mg,neurological,747.0,257.0,1139.0,293.0,57.0,-0.4,SUP135,12.0,0.675,6,43.0,12.2,0
MEDA93E23,Lactulose 10g/15mL,gastrointestinal,41.0,121.0,241.0,161.0,29.0,-0.26,SUP131,10.0,0.681,6,34.0,5.5,1
MED38DCA4,Hydrocodone/APAP 5/325,analgesic,506.0,154.0,577.0,520.0,139.0,-0.18,SUP118,47.0,0.375,15,18.0,13.1,1
MED23C2C3,Sucralfate 1g,gastrointestinal,795.0,712.0,2337.0,997.0,177.0,0.09,SUP130,28.0,0.647,1,41.0,5.3,0
MEDDEED90,Pioglitazone 30mg,diabetes,2316.0,1271.0,2610.0,1124.0,267.0,0.08,SUP116,12.0,0.693,5,72.0,9.5,0
MEDB08E88,Clozapine 100mg,psychiatric,1082.0,481.0,1551.0,1076.0,171.0,0.33,SUP140,32.0,0.348,4,42.0,5.8,1
MEDAABAA6,Ceftriaxone 1g,antibiotic,1610.0,644.0,2316.0,1182.0,172.0,0.09,SUP104,16.0,0.67,3,69.0,20.8,0
MED48AE55,Levofloxacin 500mg,antibiotic,20.0,115.0,88.0,108.0,23.0,0.04,SUP106,27.0,0.713,2,38.0,0.6,1
MEDD915F5,Heparin 5000U/mL,cardiovascular,402.0,69.0,1412.0,90.0,22.0,0.65,SUP108,20.0,0.492,2,58.0,23.5,0
MED429BD6,Meloxicam 15mg,analgesic,1108.0,710.0,1428.0,1240.0,369.0,-0.06,SUP121,9.0,0.751,3,12.0,2.3,0
MED774FDC,Tacrolimus 5mg,immunological,646.0,741.0,781.0,1882.0,376.0,0.27,SUP153,35.0,0.341,3,87.0,2.3,1
MED547DF0,Divalproex ER 500mg,psychiatric,694.0,843.0,2604.0,824.0,239.0,0.42,SUP144,12.0,0.55,2,18.0,3.7,1
MED665515,Montelukast 4mg,respiratory,209.0,101.0,826.0,207.0,32.0,0.02,SUP128,12.0,0.74,3,68.0,2.6,0
MEDA30857,Dexamethasone 4mg,respiratory,455.0,145.0,513.0,561.0,117.0,0.64,SUP126,26.0,0.482,6,102.0,8.5,1
MED5D52B6,Diclofenac 75mg,analgesic,119.0,202.0,140.0,228.0,61.0,-0.35,SUP122,11.0,0.702,1,27.0,27.8,0
MEDE1F1DE,Enoxaparin 40mg,cardiovascular,1098.0,1714.0,1628.0,1543.0,343.0,0.63,SUP108,13.0,0.545,5,19.0,6.5,1
MED32FE99,Heparin 5000U/mL,cardiovascular,219.0,429.0,1231.0,928.0,149.0,0.49,SUP108,44.0,0.417,8,53.0,2.9,1
MED3447EB,Heparin 5000U/mL,cardiovascular,848.0,149.0,1630.0,142.0,65.0,-0.24,SUP108,23.0,0.526,6,15.0,4.1,1
MEDEB58E7,Clozapine 100mg,psychiatric,762.0,1584.0,1497.0,2174.0,341.0,-0.24,SUP140,17.0,0.337,4,109.0,7.4,1
MED5E97A5,Pioglitazone 30mg,diabetes,749.0,1522.0,1819.0,2469.0,365.0,-0.24,SUP116,10.0,0.647,3,51.0,9.5,0
MED0E8EC4,Temozolomide 100mg,oncology,591.0,38.0,1097.0,163.0,37.0,0.12,SUP151,32.0,0.414,3,75.0,1.5,1
MED78CF13,Montelukast 4mg,respiratory,555.0,379.0,889.0,618.0,180.0,0.58,SUP128,15.0,0.576,8,115.0,19.4,1
MED38CE8C,Amiodarone 200mg,cardiovascular,86.0,516.0,2691.0,742.0,183.0,0.03,SUP109,25.0,0.678,3,71.0,3.2,1
MED715AD8,Diltiazem 120mg,cardiovascular,321.0,95.0,898.0,77.0,20.0,0.54,SUP110,14.0,0.593,3,45.0,35.2,0
MEDBDF489,Diclofenac 75mg,analgesic,19.0,76.0,51.0,80.0,19.0,0.21,SUP122,12.0,0.729,1,56.0,12.6,0
MED90FE72,Carbamazepine 400mg,neurological,420.0,801.0,2493.0,597.0,281.0,-0.38,SUP136,24.0,0.489,9,96.0,9.9,1
MED53CA17,Acetazolamide 250mg,neurological,406.0,154.0,1094.0,299.0,76.0,0.64,SUP138,14.0,0.415,2,110.0,5.9,0
MED0F761D,Colchicine 0.6mg,analgesic,911.0,240.0,1839.0,405.0,64.0,0.02,SUP123,33.0,0.504,3,62.0,23.9,1
MED4D67FA,Heparin 5000U/mL,cardiovascular,578.0,294.0,1242.0,759.0,113.0,0.17,SUP108,23.0,0.442,4,71.0,6.9,1
MED5E1539,Cyclophosphamide 1g,oncology,80.0,311.0,270.0,507.0,125.0,-0.34,SUP148,7.0,0.167,7,5.0,10.5,1
MED0ED543,Diclofenac 75mg,analgesic,8.0,335.0,2663.0,371.0,174.0,0.31,SUP122,7.0,0.721,1,7.0,1.4,0
MED683995,Montelukast 4mg,respiratory,702.0,405.0,1631.0,1204.0,196.0,-0.3,SUP128,10.0,0.547,4,109.0,1.1,0
MED7BE18E,Clozapine 100mg,psychiatric,1602.0,95.0,1892.0,142.0,28.0,0.49,SUP140,28.0,0.356,8,89.0,0.9,1
MEDD561B3,Enoxaparin 40mg,cardiovascular,719.0,801.0,1111.0,878.0,209.0,0.54,SUP108,15.0,0.456,8,21.0,22.1,1
MED108C71,Insulin Aspart 100U/mL,diabetes,896.0,318.0,1336.0,312.0,85.0,-0.09,SUP113,46.0,0.412,4,114.0,0.8,1
MEDABBF30,Dulaglutide 1.5mg,diabetes,280.0,361.0,363.0,649.0,151.0,-0.17,SUP115,39.0,0.464,4,113.0,7.7,1
MED50FE14,Mycophenolate 500mg,immunological,104.0,374.0,272.0,530.0,84.0,-0.28,SUP155,24.0,0.486,2,68.0,11.9,0
MEDAC42FB,Gabapentin 600mg,neurological,107.0,34.0,786.0,37.0,11.0,-0.35,SUP137,17.0,0.581,2,95.0,2.5,1
MEDE74C68,Mycophenolate 500mg,immunological,687.0,335.0,947.0,498.0,151.0,0.51,SUP155,4.0,0.525,3,55.0,2.8,0
MED9442E4,Nitroglycerin 0.4mg SL,cardiovascular,1880.0,396.0,2468.0,1095.0,253.0,0.09,SUP107,13.0,0.504,6,29.0,8.3,1
MEDE7FC4C,Cisplatin 50mg,oncology,400.0,334.0,482.0,1172.0,240.0,0.23,SUP146,36.0,0.23,6,111.0,11.5,1
MEDE795CC,Haloperidol 5mg,psychiatric,221.0,94.0,475.0,155.0,27.0,-0.05,SUP141,30.0,0.484,10,52.0,1.9,0
MED4B64E2,Epinephrine 1mg/mL,respiratory,1403.0,63.0,2573.0,62.0,22.0,-0.29,SUP124,11.0,0.354,7,19.0,1.3,1
MEDEFAFDA,Semaglutide 0.25mg,diabetes,186.0,712.0,410.0,426.0,162.0,0.08,SUP115,29.0,0.302,7,78.0,2.1,0
MED1FEF88,Enoxaparin 40mg,cardiovascular,213.0,520.0,1007.0,452.0,170.0,-0.04,SUP108,12.0,0.474,8,7.0,1.9,1
MED2E1737,Valproic Acid 250mg,neurological,1508.0,555.0,2039.0,1926.0,326.0,0.68,SUP135,13.0,0.54,5,11.0,0.8,1
MEDDFC6DE,Meloxicam 15mg,analgesic,411.0,497.0,1220.0,1070.0,215.0,0.28,SUP121,8.0,0.712,1,108.0,15.6,0
MEDEF74A3,Valproic Acid 250mg,neurological,25.0,26.0,779.0,30.0,15.0,0.62,SUP135,20.0,0.514,4,87.0,2.3,1
MED1F334F,Cisplatin 50mg,oncology,1273.0,8.0,2568.0,49.0,7.0,0.43,SUP146,38.0,0.159,5,117.0,5.9,1
MEDB0BEDA,Cisplatin 50mg,oncology,2284.0,1546.0,2599.0,1213.0,388.0,-0.33,SUP146,59.0,0.367,7,45.0,8.3,1
MEDC186DC,Dulaglutide 1.5mg,diabetes,2412.0,1397.0,2797.0,1862.0,301.0,0.09,SUP115,26.0,0.414,8,4.0,14.6,1
MED46169B,Mycophenolate 500mg,immunological,1087.0,804.0,2571.0,1425.0,251.0,-0.4,SUP155,10.0,0.521,5,102.0,1.2,1
MED0C110B,Glipizide ER 10mg,diabetes,1537.0,930.0,1634.0,454.0,190.0,0.17,SUP117,9.0,0.586,4,64.0,6.8,0
MEDA8E4E5,Dexamethasone 4mg,respiratory,660.0,713.0,840.0,1307.0,281.0,0.29,SUP126,8.0,0.555,7,85.0,3.3,1
MED56FBB4,Hydrocodone/APAP 5/325,analgesic,67.0,413.0,2743.0,624.0,128.0,0.34,SUP118,21.0,0.4,9,88.0,7.6,1
MEDB5DE91,Bupropion XL 300mg,psychiatric,263.0,168.0,490.0,410.0,65.0,-0.22,SUP143,14.0,0.58,5,60.0,11.1,1
MED273218,Pioglitazone 30mg,diabetes,1819.0,560.0,2268.0,859.0,140.0,-0.37,SUP116,6.0,0.669,3,25.0,13.0,0
MED2749DD,Dexamethasone 4mg,respiratory,374.0,448.0,1450.0,526.0,96.0,0.02,SUP126,15.0,0.516,4,99.0,11.3,1
MED4E8C7D,Carboplatin 150mg,oncology,480.0,427.0,625.0,876.0,252.0,0.5,SUP147,14.0,0.315,12,14.0,2.8,1
MEDD31C60,Fentanyl Patch 25mcg/hr,analgesic,2745.0,1278.0,2782.0,1512.0,398.0,0.05,SUP119,50.0,0.28,9,57.0,14.3,1
MED9F4163,Ondansetron ODT 4mg,gastrointestinal,117.0,120.0,288.0,340.0,61.0,0.4,SUP129,13.0,0.47,9,12.0,3.7,1
MED08E0FE,Ipratropium Nebulizer,respiratory,806.0,195.0,1232.0,612.0,119.0,-0.21,SUP125,19.0,0.42,10,30.0,11.9,1
MED4965B2,Mycophenolate 500mg,immunological,1136.0,212.0,1287.0,219.0,43.0,-0.36,SUP155,23.0,0.667,4,15.0,6.6,0
MED15010A,Octreotide 100mcg/mL,gastrointestinal,678.0,510.0,2119.0,656.0,228.0,0.34,SUP133,23.0,0.448,4,29.0,8.7,1
MEDFA95A0,Tacrolimus 5mg,immunological,2471.0,1454.0,2631.0,1138.0,374.0,-0.1,SUP153,25.0,0.362,4,93.0,5.1,1
MED255F6C,Mesalamine 400mg,gastrointestinal,727.0,1090.0,1764.0,989.0,240.0,0.42,SUP132,23.0,0.592,3,90.0,6.1,1
MED2FF6F1,Phenytoin 100mg,neurological,657.0,341.0,923.0,1385.0,238.0,0.45,SUP134,20.0,0.577,4,41.0,0.1,0
MED0C913E,Meloxicam 15mg,analgesic,748.0,562.0,2007.0,348.0,130.0,0.47,SUP121,14.0,0.737,3,44.0,3.3,0
MED57EE8B,Cyclophosphamide 1g,oncology,873.0,46.0,1239.0,92.0,20.0,-0.09,SUP148,41.0,0.199,6,41.0,22.1,1
MED0F5032,Valproic Acid 250mg,neurological,720.0,516.0,1369.0,761.0,240.0,-0.26,SUP135,18.0,0.572,2,85.0,4.5,0
MED492ABC,Dulaglutide 1.5mg,diabetes,1075.0,1277.0,1576.0,1013.0,341.0,0.23,SUP115,31.0,0.391,3,117.0,8.7,1
MEDA724E7,Spironolactone 25mg,cardiovascular,654.0,1561.0,1036.0,1268.0,339.0,0.57,SUP112,9.0,0.763,2,70.0,5.1,0
MED9ED07E,Cyclosporine 100mg,immunological,1073.0,321.0,1327.0,1362.0,218.0,0.48,SUP154,30.0,0.461,5,40.0,0.7,1
MEDAB8DA6,Azathioprine 50mg,immunological,32.0,438.0,441.0,649.0,139.0,-0.15,SUP156,33.0,0.334,12,52.0,8.6,1
MEDE89286,Carbamazepine 400mg,neurological,142.0,192.0,493.0,366.0,100.0,0.36,SUP136,14.0,0.507,4,62.0,2.2,1
MED2E3505,Vincristine 1mg,oncology,97.0,1455.0,1072.0,630.0,311.0,-0.15,SUP150,40.0,0.232,10,83.0,11.4,1
MED6FC057,Sucralfate 1g,gastrointestinal,361.0,862.0,376.0,860.0,183.0,-0.07,SUP130,22.0,0.591,8,94.0,2.2,1
MED480D63,Pioglitazone 30mg,diabetes,1856.0,243.0,2355.0,448.0,103.0,0.42,SUP116,8.0,0.709,2,66.0,5.1,0
MED84E318,Ondansetron ODT 4mg,gastrointestinal,261.0,190.0,637.0,1158.0,175.0,-0.31,SUP129,12.0,0.489,5,90.0,19.0,1
MED607D14,Octreotide 100mcg/mL,gastrointestinal,1341.0,581.0,1463.0,1289.0,332.0,-0.24,SUP133,32.0,0.376,5,45.0,3.9,1
MED496F6A,Semaglutide 0.25mg,diabetes,237.0,443.0,242.0,567.0,118.0,-0.34,SUP115,43.0,0.334,7,85.0,2.4,1
MED2B062D,Piperacillin-Tazobactam 3.375g,antibiotic,559.0,97.0,1229.0,290.0,53.0,0.35,SUP101,22.0,0.475,4,60.0,0.8,1
MEDC2A45C,Lactulose 10g/15mL,gastrointestinal,964.0,240.0,1107.0,651.0,104.0,-0.03,SUP131,17.0,0.604,4,98.0,5.2,0
MED34FCE3,Acetazolamide 250mg,neurological,42.0,236.0,1170.0,1267.0,196.0,0.26,SUP138,22.0,0.544,4,116.0,6.1,1
MED0AA962,Phenytoin 100mg,neurological,309.0,222.0,692.0,1029.0,150.0,-0.37,SUP134,17.0,0.547,2,32.0,1.8,0
MED9BC689,Dulaglutide 1.5mg,diabetes,718.0,478.0,1803.0,752.0,181.0,0.63,SUP115,45.0,0.412,4,105.0,10.2,1
MEDD25D07,Dexamethasone 4mg,respiratory,688.0,500.0,1694.0,2087.0,365.0,0.08,SUP126,16.0,0.411,5,58.0,13.7,1
MED4CC7E7,Ketorolac 30mg/mL,analgesic,343.0,762.0,2184.0,1208.0,285.0,0.13,SUP120,23.0,0.502,6,34.0,2.2,1
MEDAF760B,Diltiazem 120mg,cardiovascular,30.0,93.0,358.0,247.0,79.0,0.61,SUP110,10.0,0.724,3,88.0,4.0,0
MEDD07BCF,Chlorpromazine 50mg,psychiatric,1047.0,994.0,2788.0,1266.0,396.0,0.4,SUP142,19.0,0.646,4,111.0,5.9,0
MED5B3B38,Methotrexate 25mg/mL,oncology,960.0,587.0,1610.0,1543.0,328.0,-0.19,SUP145,29.0,0.303,9,76.0,6.5,1
MED09FB94,Hydrocodone/APAP 5/325,analgesic,150.0,487.0,675.0,946.0,167.0,0.66,SUP118,18.0,0.459,3,16.0,14.9,1
MED8BBF04,Sucralfate 1g,gastrointestinal,1046.0,98.0,1281.0,501.0,79.0,0.68,SUP130,15.0,0.483,9,56.0,7.0,1
