period,series,series_description,value,units
2012-01,RBRTE,Europe Brent Spot Price FOB (Dollars per Barrel),110.69,$/BBL
2012-01,RWTC,"Cushing, OK WTI Spot Price FOB (Dollars per Barrel)",100.27,$/BBL
2012-02,RBRTE,Europe Brent Spot Price FOB (Dollars per Barrel),119.33,$/BBL
2012-02,RWTC,"Cushing, OK WTI Spot Price FOB (Dollars per Barrel)",102.2,$/BBL
2012-03,RBRTE,Europe Brent Spot Price FOB (Dollars per Barrel),125.45,$/BBL
2012-03,RWTC,"Cushing, OK WTI Spot Price FOB (Dollars per Barrel)",106.16,$/BBL
2012-04,RBRTE,Europe Brent Spot Price FOB (Dollars per Barrel),119.75,$/BBL
2012-04,RWTC,"Cushing, OK WTI Spot Price FOB (Dollars per Barrel)",103.32,$/BBL
2012-05,RBRTE,Europe Brent Spot Price FOB (Dollars per Barrel),110.34,$/BBL
2012-05,RWTC,"Cushing, OK WTI Spot Price FOB (Dollars per Barrel)",94.66,$/BBL
2012-06,RBRTE,Europe Brent Spot Price FOB (Dollars per Barrel),95.16,$/BBL
2012-06,RWTC,"Cushing, OK WTI Spot Price FOB (Dollars per Barrel)",82.3,$/BBL
2012-07,RBRTE,Europe Brent Spot Price FOB (Dollars per Barrel),102.62,$/BBL
2012-07,RWTC,"Cushing, OK WTI Spot Price FOB (Dollars per Barrel)",87.9,$/BBL
2012-08,RBRTE,Europe Brent Spot Price FOB (Dollars per Barrel),113.36,$/BBL
2012-08,RWTC,"Cushing, OK WTI Spot Price FOB (Dollars per Barrel)",94.13,$/BBL
2012-09,RBRTE,Europe Brent Spot Price FOB (Dollars per Barrel),112.86,$/BBL
2012-09,RWTC,"Cushing, OK WTI Spot Price FOB (Dollars per Barrel)",94.51,$/BBL
2012-10,RBRTE,Europe Brent Spot Price FOB (Dollars per Barrel),111.71,$/BBL
2012-10,RWTC,"Cushing, OK WTI Spot Price FOB (Dollars per Barrel)",89.49,$/BBL
2012-11,RBRTE,Europe Brent Spot Price FOB (Dollars per Barrel),109.06,$/BBL
2012-11,RWTC,"Cushing, OK WTI Spot Price FOB (Dollars per Barrel)",86.53,$/BBL
2012-12,RBRTE,Europe Brent Spot Price FOB (Dollars per Barrel),109.49,$/BBL
2012-12,RWTC,"Cushing, OK WTI Spot Price FOB (Dollars per Barrel)",87.86,$/BBL
2013-01,RBRTE,Europe Brent Spot Price FOB (Dollars per Barrel),112.96,$/BBL
2013-01,RWTC,"Cushing, OK WTI Spot Price FOB (Dollars per Barrel)",94.76,$/BBL
2013-02,RBRTE,Europe Brent Spot Price FOB (Dollars per Barrel),116.05,$/BBL
2013-02,RWTC,"Cushing, OK WTI Spot Price FOB (Dollars per Barrel)",95.31,$/BBL
2013-03,RBRTE,Europe Brent Spot Price FOB (Dollars per Barrel),108.47,$/BBL
2013-03,RWTC,"Cushing, OK WTI Spot Price FOB (Dollars per Barrel)",92.94,$/BBL
2013-04,RBRTE,Europe Brent Spot Price FOB (Dollars per Barrel),102.25,$/BBL
2013-04,RWTC,"Cushing, OK WTI Spot Price FOB (Dollars per Barrel)",92.02,$/BBL
2013-05,RBRTE,Europe Brent Spot Price FOB (Dollars per Barrel),102.56,$/BBL
2013-05,RWTC,"Cushing, OK WTI Spot Price FOB (Dollars per Barrel)",94.51,$/BBL
2013-06,RBRTE,Europe Brent Spot Price FOB (Dollars per Barrel),102.92,$/BBL
2013-06,RWTC,"Cushing, OK WTI Spot Price FOB (Dollars per Barrel)",95.77,$/BBL
2013-07,RBRTE,Europe Brent Spot Price FOB (Dollars per Barrel),107.93,$/BBL
2013-07,RWTC,"Cushing, OK WTI Spot Price FOB (Dollars per Barrel)",104.67,$/BBL
2013-08,RBRTE,Europe Brent Spot Price FOB (Dollars per Barrel),111.28,$/BBL
2013-08,RWTC,"Cushing, OK WTI Spot Price FOB (Dollars per Barrel)",106.57,$/BBL
2013-09,RBRTE,Europe Brent Spot Price FOB (Dollars per Barrel),111.6,$/BBL
2013-09,RWTC,"Cushing, OK WTI Spot Price FOB (Dollars per Barrel)",106.29,$/BBL
2013-10,RBRTE,Europe Brent Spot Price FOB (Dollars per Barrel),109.08,$/BBL
2013-10,RWTC,"Cushing, OK WTI Spot Price FOB (Dollars per Barrel)",100.54,$/BBL
2013-11,RBRTE,Europe Brent Spot Price FOB (Dollars per Barrel),107.79,$/BBL
2013-11,RWTC,"Cushing, OK WTI Spot Price FOB (Dollars per Barrel)",93.86,$/BBL
2013-12,RBRTE,Europe Brent Spot Price FOB (Dollars per Barrel),110.76,$/BBL
2013-12,RWTC,"Cushing, OK WTI Spot Price FOB (Dollars per Barrel)",97.63,$/BBL
2014-01,RBRTE,Europe Brent Spot Price FOB (Dollars per Barrel),108.12,$/BBL
2014-01,RWTC,"Cushing, OK WTI Spot Price FOB (Dollars per Barrel)",94.62,$/BBL
2014-02,RBRTE,Europe Brent Spot Price FOB (Dollars per Barrel),108.9,$/BBL
2014-02,RWTC,"Cushing, OK WTI Spot Price FOB (Dollars per Barrel)",100.82,$/BBL
2014-03,RBRTE,Europe Brent Spot Price FOB (Dollars per Barrel),107.48,$/BBL
2014-03,RWTC,"Cushing, OK WTI Spot Price FOB (Dollars per Barrel)",100.8,$/BBL
2014-04,RBRTE,Europe Brent Spot Price FOB (Dollars per Barrel),107.76,$/BBL
2014-04,RWTC,"Cushing, OK WTI Spot Price FOB (Dollars per Barrel)",102.07,$/BBL
2014-05,RBRTE,Europe Brent Spot Price FOB (Dollars per Barrel),109.54,$/BBL
2014-05,RWTC,"Cushing, OK WTI Spot Price FOB (Dollars per Barrel)",102.18,$/BBL
2014-06,RBRTE,Europe Brent Spot Price FOB (Dollars per Barrel),111.8,$/BBL
2014-06,RWTC,"Cushing, OK WTI Spot Price FOB (Dollars per Barrel)",105.79,$/BBL
2014-07,RBRTE,Europe Brent Spot Price FOB (Dollars per Barrel),106.77,$/BBL
2014-07,RWTC,"Cushing, OK WTI Spot Price FOB (Dollars per Barrel)",103.59,$/BBL
2014-08,RBRTE,Europe Brent Spot Price FOB (Dollars per Barrel),101.61,$/BBL
2014-08,RWTC,"Cushing, OK WTI Spot Price FOB (Dollars per Barrel)",96.54,$/BBL
2014-09,RBRTE,Europe Brent Spot Price FOB (Dollars per Barrel),97.09,$/BBL
2014-09,RWTC,"Cushing, OK WTI Spot Price FOB (Dollars per Barrel)",93.21,$/BBL
2014-10,RBRTE,Europe Brent Spot Price FOB (Dollars per Barrel),87.43,$/BBL
2014-10,RWTC,"Cushing, OK WTI Spot Price FOB (Dollars per Barrel)",84.4,$/BBL
2014-11,RBRTE,Europe Brent Spot Price FOB (Dollars per Barrel),79.44,$/BBL
2014-11,RWTC,"Cushing, OK WTI Spot Price FOB (Dollars per Barrel)",75.79,$/BBL
2014-12,RBRTE,Europe Brent Spot Price FOB (Dollars per Barrel),62.34,$/BBL
2014-12,RWTC,"Cushing, OK WTI Spot Price FOB (Dollars per Barrel)",59.29,$/BBL
2015-01,RBRTE,Europe Brent Spot Price FOB (Dollars per Barrel),47.76,$/BBL
2015-01,RWTC,"Cushing, OK WTI Spot Price FOB (Dollars per Barrel)",47.22,$/BBL
2015-02,RBRTE,Europe Brent Spot Price FOB (Dollars per Barrel),58.1,$/BBL
2015-02,RWTC,"Cushing, OK WTI Spot Price FOB (Dollars per Barrel)",50.58,$/BBL
2015-03,RBRTE,Europe Brent Spot Price FOB (Dollars per Barrel),55.89,$/BBL
2015-03,RWTC,"Cushing, OK WTI Spot Price FOB (Dollars per Barrel)",47.82,$/BBL
2015-04,RBRTE,Europe Brent Spot Price FOB (Dollars per Barrel),59.52,$/BBL
2015-04,RWTC,"Cushing, OK WTI Spot Price FOB (Dollars per Barrel)",54.45,$/BBL
2015-05,RBRTE,Europe Brent Spot Price FOB (Dollars per Barrel),64.08,$/BBL
2015-05,RWTC,"Cushing, OK WTI Spot Price FOB (Dollars per Barrel)",59.27,$/BBL
2015-06,RBRTE,Europe Brent Spot Price FOB (Dollars per Barrel),61.48,$/BBL
2015-06,RWTC,"Cushing, OK WTI Spot Price FOB (Dollars per Barrel)",59.82,$/BBL
2015-07,RBRTE,Europe Brent Spot Price FOB (Dollars per Barrel),56.56,$/BBL
2015-07,RWTC,"Cushing, OK WTI Spot Price FOB (Dollars per Barrel)",50.9,$/BBL
2015-08,RBRTE,Europe Brent Spot Price FOB (Dollars per Barrel),46.52,$/BBL
2015-08,RWTC,"Cushing, OK WTI Spot Price FOB (Dollars per Barrel)",42.87,$/BBL
2015-09,RBRTE,Europe Brent Spot Price FOB (Dollars per Barrel),47.62,$/BBL
2015-09,RWTC,"Cushing, OK WTI Spot Price FOB (Dollars per Barrel)",45.48,$/BBL
2015-10,RBRTE,Europe Brent Spot Price FOB (Dollars per Barrel),48.43,$/BBL
2015-10,RWTC,"Cushing, OK WTI Spot Price FOB (Dollars per Barrel)",46.22,$/BBL
2015-11,RBRTE,Europe Brent Spot Price FOB (Dollars per Barrel),44.27,$/BBL
2015-11,RWTC,"Cushing, OK WTI Spot Price FOB (Dollars per Barrel)",42.44,$/BBL
2015-12,RBRTE,Europe Brent Spot Price FOB (Dollars per Barrel),38.01,$/BBL
2015-12,RWTC,"Cushing, OK WTI Spot Price FOB (Dollars per Barrel)",37.19,$/BBL
2016-01,RBRTE,Europe Brent Spot Price FOB (Dollars per Barrel),30.7,$/BBL
2016-01,RWTC,"Cushing, OK WTI Spot Price FOB (Dollars per Barrel)",31.68,$/BBL
2016-02,RBRTE,Europe Brent Spot Price FOB (Dollars per Barrel),32.18,$/BBL
2016-02,RWTC,"Cushing, OK WTI Spot Price FOB (Dollars per Barrel)",30.32,$/BBL
2016-03,RBRTE,Europe Brent Spot Price FOB (Dollars per Barrel),38.21,$/BBL
2016-03,RWTC,"Cushing, OK WTI Spot Price FOB (Dollars per Barrel)",37.55,$/BBL
2016-04,RBRTE,Europe Brent Spot Price FOB (Dollars per Barrel),41.58,$/BBL
2016-04,RWTC,"Cushing, OK WTI Spot Price FOB (Dollars per Barrel)",40.75,$/BBL
2016-05,RBRTE,Europe Brent Spot Price FOB (Dollars per Barrel),46.74,$/BBL
2016-05,RWTC,"Cushing, OK WTI Spot Price FOB (Dollars per Barrel)",46.71,$/BBL
2016-06,RBRTE,Europe Brent Spot Price FOB (Dollars per Barrel),48.25,$/BBL
2016-06,RWTC,"Cushing, OK WTI Spot Price FOB (Dollars per Barrel)",48.76,$/BBL
2016-07,RBRTE,Europe Brent Spot Price FOB (Dollars per Barrel),44.95,$/BBL
2016-07,RWTC,"Cushing, OK WTI Spot Price FOB (Dollars per Barrel)",44.65,$/BBL
2016-08,RBRTE,Europe Brent Spot Price FOB (Dollars per Barrel),45.84,$/BBL
2016-08,RWTC,"Cushing, OK WTI Spot Price FOB (Dollars per Barrel)",44.72,$/BBL
2016-09,RBRTE,Europe Brent Spot Price FOB (Dollars per Barrel),46.57,$/BBL
2016-09,RWTC,"Cushing, OK WTI Spot Price FOB (Dollars per Barrel)",45.18,$/BBL
2016-10,RBRTE,Europe Brent Spot Price FOB (Dollars per Barrel),49.52,$/BBL
2016-10,RWTC,"Cushing, OK WTI Spot Price FOB (Dollars per Barrel)",49.78,$/BBL
2016-11,RBRTE,Europe Brent Spot Price FOB (Dollars per Barrel),44.73,$/BBL
2016-11,RWTC,"Cushing, OK WTI Spot Price FOB (Dollars per Barrel)",45.66,$/BBL
2016-12,RBRTE,Europe Brent Spot Price FOB (Dollars per Barrel),53.31,$/BBL
2016-12,RWTC,"Cushing, OK WTI Spot Price FOB (Dollars per Barrel)",51.97,$/BBL
2017-01,RBRTE,Europe Brent Spot Price FOB (Dollars per Barrel),54.58,$/BBL
2017-01,RWTC,"Cushing, OK WTI Spot Price FOB (Dollars per Barrel)",52.5,$/BBL
2017-02,RBRTE,Europe Brent Spot Price FOB (Dollars per Barrel),54.87,$/BBL
2017-02,RWTC,"Cushing, OK WTI Spot Price FOB (Dollars per Barrel)",53.47,$/BBL
2017-03,RBRTE,Europe Brent Spot Price FOB (Dollars per Barrel),51.59,$/BBL
2017-03,RWTC,"Cushing, OK WTI Spot Price FOB (Dollars per Barrel)",49.33,$/BBL
2017-04,RBRTE,Europe Brent Spot Price FOB (Dollars per Barrel),52.31,$/BBL
2017-04,RWTC,"Cushing, OK WTI Spot Price FOB (Dollars per Barrel)",51.06,$/BBL
2017-05,RBRTE,Europe Brent Spot Price FOB (Dollars per Barrel),50.33,$/BBL
2017-05,RWTC,"Cushing, OK WTI Spot Price FOB (Dollars per Barrel)",48.48,$/BBL
2017-06,RBRTE,Europe Brent Spot Price FOB (Dollars per Barrel),46.37,$/BBL
2017-06,RWTC,"Cushing, OK WTI Spot Price FOB (Dollars per Barrel)",45.18,$/BBL
2017-07,RBRTE,Europe Brent Spot Price FOB (Dollars per Barrel),48.48,$/BBL
2017-07,RWTC,"Cushing, OK WTI Spot Price FOB (Dollars per Barrel)",46.63,$/BBL
2017-08,RBRTE,Europe Brent Spot Price FOB (Dollars per Barrel),51.7,$/BBL
2017-08,RWTC,"Cushing, OK WTI Spot Price FOB (Dollars per Barrel)",48.04,$/BBL
2017-09,RBRTE,Europe Brent Spot Price FOB (Dollars per Barrel),56.15,$/BBL
2017-09,RWTC,"Cushing, OK WTI Spot Price FOB (Dollars per Barrel)",49.82,$/BBL
2017-10,RBRTE,Europe Brent Spot Price FOB (Dollars per Barrel),57.51,$/BBL
2017-10,RWTC,"Cushing, OK WTI Spot Price FOB (Dollars per Barrel)",51.58,$/BBL
2017-11,RBRTE,Europe Brent Spot Price FOB (Dollars per Barrel),62.71,$/BBL
2017-11,RWTC,"Cushing, OK WTI Spot Price FOB (Dollars per Barrel)",56.64,$/BBL
2017-12,RBRTE,Europe Brent Spot Price FOB (Dollars per Barrel),64.37,$/BBL
2017-12,RWTC,"Cushing, OK WTI Spot Price FOB (Dollars per Barrel)",57.88,$/BBL
2018-01,RBRTE,Europe Brent Spot Price FOB (Dollars per Barrel),69.08,$/BBL
2018-01,RWTC,"Cushing, OK WTI Spot Price FOB (Dollars per Barrel)",63.7,$/BBL
2018-02,RBRTE,Europe Brent Spot Price FOB (Dollars per Barrel),65.32,$/BBL
2018-02,RWTC,"Cushing, OK WTI Spot Price FOB (Dollars per Barrel)",62.23,$/BBL
2018-03,RBRTE,Europe Brent Spot Price FOB (Dollars per Barrel),66.02,$/BBL
2018-03,RWTC,"Cushing, OK WTI Spot Price FOB (Dollars per Barrel)",62.73,$/BBL
2018-04,RBRTE,Europe Brent Spot Price FOB (Dollars per Barrel),72.11,$/BBL
2018-04,RWTC,"Cushing, OK WTI Spot Price FOB (Dollars per Barrel)",66.25,$/BBL
2018-05,RBRTE,Europe Brent Spot Price FOB (Dollars per Barrel),76.98,$/BBL
2018-05,RWTC,"Cushing, OK WTI Spot Price FOB (Dollars per Barrel)",69.98,$/BBL
2018-06,RBRTE,Europe Brent Spot Price FOB (Dollars per Barrel),74.41,$/BBL
2018-06,RWTC,"Cushing, OK WTI Spot Price FOB (Dollars per Barrel)",67.87,$/BBL
2018-07,RBRTE,Europe Brent Spot Price FOB (Dollars per Barrel),74.25,$/BBL
2018-07,RWTC,"Cushing, OK WTI Spot Price FOB (Dollars per Barrel)",70.98,$/BBL
2018-08,RBRTE,Europe Brent Spot Price FOB (Dollars per Barrel),72.53,$/BBL
2018-08,RWTC,"Cushing, OK WTI Spot Price FOB (Dollars per Barrel)",68.06,$/BBL
2018-09,RBRTE,Europe Brent Spot Price FOB (Dollars per Barrel),78.89,$/BBL
2018-09,RWTC,"Cushing, OK WTI Spot Price FOB (Dollars per Barrel)",70.23,$/BBL
2018-10,RBRTE,Europe Brent Spot Price FOB (Dollars per Barrel),81.03,$/BBL
2018-10,RWTC,"Cushing, OK WTI Spot Price FOB (Dollars per Barrel)",70.75,$/BBL
2018-11,RBRTE,Europe Brent Spot Price FOB (Dollars per Barrel),64.75,$/BBL
2018-11,RWTC,"Cushing, OK WTI Spot Price FOB (Dollars per Barrel)",56.96,$/BBL
2018-12,RBRTE,Europe Brent Spot Price FOB (Dollars per Barrel),57.36,$/BBL
2018-12,RWTC,"Cushing, OK WTI Spot Price FOB (Dollars per Barrel)",49.52,$/BBL
2019-01,RBRTE,Europe Brent Spot Price FOB (Dollars per Barrel),59.41,$/BBL
2019-01,RWTC,"Cushing, OK WTI Spot Price FOB (Dollars per Barrel)",51.38,$/BBL
2019-02,RBRTE,Europe Brent Spot Price FOB (Dollars per Barrel),63.96,$/BBL
2019-02,RWTC,"Cushing, OK WTI Spot Price FOB (Dollars per Barrel)",54.95,$/BBL
2019-03,RBRTE,Europe Brent Spot Price FOB (Dollars per Barrel),66.14,$/BBL
2019-03,RWTC,"Cushing, OK WTI Spot Price FOB (Dollars per Barrel)",58.15,$/BBL
2019-04,RBRTE,Europe Brent Spot Price FOB (Dollars per Barrel),71.23,$/BBL
2019-04,RWTC,"Cushing, OK WTI Spot Price FOB (Dollars per Barrel)",63.86,$/BBL
2019-05,RBRTE,Europe Brent Spot Price FOB (Dollars per Barrel),71.32,$/BBL
2019-05,RWTC,"Cushing, OK WTI Spot Price FOB (Dollars per Barrel)",60.83,$/BBL
2019-06,RBRTE,Europe Brent Spot Price FOB (Dollars per Barrel),64.22,$/BBL
2019-06,RWTC,"Cushing, OK WTI Spot Price FOB (Dollars per Barrel)",54.66,$/BBL
2019-07,RBRTE,Europe Brent Spot Price FOB (Dollars per Barrel),63.92,$/BBL
2019-07,RWTC,"Cushing, OK WTI Spot Price FOB (Dollars per Barrel)",57.35,$/BBL
2019-08,RBRTE,Europe Brent Spot Price FOB (Dollars per Barrel),59.04,$/BBL
2019-08,RWTC,"Cushing, OK WTI Spot Price FOB (Dollars per Barrel)",54.81,$/BBL
2019-09,RBRTE,Europe Brent Spot Price FOB (Dollars per Barrel),62.83,$/BBL
2019-09,RWTC,"Cushing, OK WTI Spot Price FOB (Dollars per Barrel)",56.95,$/BBL
2019-10,RBRTE,Europe Brent Spot Price FOB (Dollars per Barrel),59.71,$/BBL
2019-10,RWTC,"Cushing, OK WTI Spot Price FOB (Dollars per Barrel)",53.96,$/BBL
2019-11,RBRTE,Europe Brent Spot Price FOB (Dollars per Barrel),63.21,$/BBL
2019-11,RWTC,"Cushing, OK WTI Spot Price FOB (Dollars per Barrel)",57.03,$/BBL
2019-12,RBRTE,Europe Brent Spot Price FOB (Dollars per Barrel),67.31,$/BBL
2019-12,RWTC,"Cushing, OK WTI Spot Price FOB (Dollars per Barrel)",59.88,$/BBL
2020-01,RBRTE,Europe Brent Spot Price FOB (Dollars per Barrel),63.65,$/BBL
2020-01,RWTC,"Cushing, OK WTI Spot Price FOB (Dollars per Barrel)",57.52,$/BBL
2020-02,RBRTE,Europe Brent Spot Price FOB (Dollars per Barrel),55.66,$/BBL
2020-02,RWTC,"Cushing, OK WTI Spot Price FOB (Dollars per Barrel)",50.54,$/BBL
2020-03,RBRTE,Europe Brent Spot Price FOB (Dollars per Barrel),32.01,$/BBL
2020-03,RWTC,"Cushing, OK WTI Spot Price FOB (Dollars per Barrel)",29.21,$/BBL
2020-04,RBRTE,Europe Brent Spot Price FOB (Dollars per Barrel),18.38,$/BBL
2020-04,RWTC,"Cushing, OK WTI Spot Price FOB (Dollars per Barrel)",16.55,$/BBL
2020-05,RBRTE,Europe Brent Spot Price FOB (Dollars per Barrel),29.38,$/BBL
2020-05,RWTC,"Cushing, OK WTI Spot Price FOB (Dollars per Barrel)",28.56,$/BBL
2020-06,RBRTE,Europe Brent Spot Price FOB (Dollars per Barrel),40.27,$/BBL
2020-06,RWTC,"Cushing, OK WTI Spot Price FOB (Dollars per Barrel)",38.31,$/BBL
2020-07,RBRTE,Europe Brent Spot Price FOB (Dollars per Barrel),43.24,$/BBL
2020-07,RWTC,"Cushing, OK WTI Spot Price FOB (Dollars per Barrel)",40.71,$/BBL
2020-08,RBRTE,Europe Brent Spot Price FOB (Dollars per Barrel),44.74,$/BBL
2020-08,RWTC,"Cushing, OK WTI Spot Price FOB (Dollars per Barrel)",42.34,$/BBL
2020-09,RBRTE,Europe Brent Spot Price FOB (Dollars per Barrel),40.91,$/BBL
2020-09,RWTC,"Cushing, OK WTI Spot Price FOB (Dollars per Barrel)",39.63,$/BBL
2020-10,RBRTE,Europe Brent Spot Price FOB (Dollars per Barrel),40.19,$/BBL
2020-10,RWTC,"Cushing, OK WTI Spot Price FOB (Dollars per Barrel)",39.4,$/BBL
2020-11,RBRTE,Europe Brent Spot Price FOB (Dollars per Barrel),42.69,$/BBL
2020-11,RWTC,"Cushing, OK WTI Spot Price FOB (Dollars per Barrel)",40.94,$/BBL
2020-12,RBRTE,Europe Brent Spot Price FOB (Dollars per Barrel),49.99,$/BBL
2020-12,RWTC,"Cushing, OK WTI Spot Price FOB (Dollars per Barrel)",47.02,$/BBL
2021-01,RBRTE,Europe Brent Spot Price FOB (Dollars per Barrel),54.77,$/BBL
2021-01,RWTC,"Cushing, OK WTI Spot Price FOB (Dollars per Barrel)",52,$/BBL
2021-02,RBRTE,Europe Brent Spot Price FOB (Dollars per Barrel),62.28,$/BBL
2021-02,RWTC,"Cushing, OK WTI Spot Price FOB (Dollars per Barrel)",59.04,$/BBL
2021-03,RBRTE,Europe Brent Spot Price FOB (Dollars per Barrel),65.41,$/BBL
2021-03,RWTC,"Cushing, OK WTI Spot Price FOB (Dollars per Barrel)",62.33,$/BBL
2021-04,RBRTE,Europe Brent Spot Price FOB (Dollars per Barrel),64.81,$/BBL
2021-04,RWTC,"Cushing, OK WTI Spot Price FOB (Dollars per Barrel)",61.72,$/BBL
2021-05,RBRTE,Europe Brent Spot Price FOB (Dollars per Barrel),68.53,$/BBL
2021-05,RWTC,"Cushing, OK WTI Spot Price FOB (Dollars per Barrel)",65.17,$/BBL
2021-06,RBRTE,Europe Brent Spot Price FOB (Dollars per Barrel),73.16,$/BBL
2021-06,RWTC,"Cushing, OK WTI Spot Price FOB (Dollars per Barrel)",71.38,$/BBL
2021-07,RBRTE,Europe Brent Spot Price FOB (Dollars per Barrel),75.17,$/BBL
2021-07,RWTC,"Cushing, OK WTI Spot Price FOB (Dollars per Barrel)",72.49,$/BBL
2021-08,RBRTE,Europe Brent Spot Price FOB (Dollars per Barrel),70.61,$/BBL
2021-08,RWTC,"Cushing, OK WTI Spot Price FOB (Dollars per Barrel)",67.7,$/BBL
2021-09,RBRTE,Europe Brent Spot Price FOB (Dollars per Barrel),74.49,$/BBL
2021-09,RWTC,"Cushing, OK WTI Spot Price FOB (Dollars per Barrel)",71.65,$/BBL
2021-10,RBRTE,Europe Brent Spot Price FOB (Dollars per Barrel),83.54,$/BBL
2021-10,RWTC,"Cushing, OK WTI Spot Price FOB (Dollars per Barrel)",81.48,$/BBL
2021-11,RBRTE,Europe Brent Spot Price FOB (Dollars per Barrel),81.05,$/BBL
2021-11,RWTC,"Cushing, OK WTI Spot Price FOB (Dollars per Barrel)",79.15,$/BBL
2021-12,RBRTE,Europe Brent Spot Price FOB (Dollars per Barrel),74.17,$/BBL
2021-12,RWTC,"Cushing, OK WTI Spot Price FOB (Dollars per Barrel)",71.71,$/BBL
2022-01,RBRTE,Europe Brent Spot Price FOB (Dollars per Barrel),86.51,$/BBL
2022-01,RWTC,"Cushing, OK WTI Spot Price FOB (Dollars per Barrel)",83.22,$/BBL
2022-02,RBRTE,Europe Brent Spot Price FOB (Dollars per Barrel),97.13,$/BBL
2022-02,RWTC,"Cushing, OK WTI Spot Price FOB (Dollars per Barrel)",91.64,$/BBL
2022-03,RBRTE,Europe Brent Spot Price FOB (Dollars per Barrel),117.25,$/BBL
2022-03,RWTC,"Cushing, OK WTI Spot Price FOB (Dollars per Barrel)",108.5,$/BBL
2022-04,RBRTE,Europe Brent Spot Price FOB (Dollars per Barrel),104.58,$/BBL
2022-04,RWTC,"Cushing, OK WTI Spot Price FOB (Dollars per Barrel)",101.78,$/BBL
2022-05,RBRTE,Europe Brent Spot Price FOB (Dollars per Barrel),113.34,$/BBL
2022-05,RWTC,"Cushing, OK WTI Spot Price FOB (Dollars per Barrel)",109.55,$/BBL
2022-06,RBRTE,Europe Brent Spot Price FOB (Dollars per Barrel),122.71,$/BBL
2022-06,RWTC,"Cushing, OK WTI Spot Price FOB (Dollars per Barrel)",114.84,$/BBL
2022-07,RBRTE,Europe Brent Spot Price FOB (Dollars per Barrel),111.93,$/BBL
2022-07,RWTC,"Cushing, OK WTI Spot Price FOB (Dollars per Barrel)",101.62,$/BBL
2022-08,RBRTE,Europe Brent Spot Price FOB (Dollars per Barrel),100.45,$/BBL
2022-08,RWTC,"Cushing, OK WTI Spot Price FOB (Dollars per Barrel)",93.67,$/BBL
2022-09,RBRTE,Europe Brent Spot Price FOB (Dollars per Barrel),89.76,$/BBL
2022-09,RWTC,"Cushing, OK WTI Spot Price FOB (Dollars per Barrel)",84.26,$/BBL
2022-10,RBRTE,Europe Brent Spot Price FOB (Dollars per Barrel),93.33,$/BBL
2022-10,RWTC,"Cushing, OK WTI Spot Price FOB (Dollars per Barrel)",87.55,$/BBL
2022-11,RBRTE,Europe Brent Spot Price FOB (Dollars per Barrel),91.42,$/BBL
2022-11,RWTC,"Cushing, OK WTI Spot Price FOB (Dollars per Barrel)",84.37,$/BBL
2022-12,RBRTE,Europe Brent Spot Price FOB (Dollars per Barrel),80.92,$/BBL
2022-12,RWTC,"Cushing, OK WTI Spot Price FOB (Dollars per Barrel)",76.44,$/BBL
